tema,indicador,periodo,categoria,valor,unidade,territorio,nivel_geografico,status_publicacao,fonte_aba,referencia,fonte_url,data_extracao,observacao
mudas,entregas_registradas,2026-01,Total,9,entregas,Campo Grande (MS),municipio,apto_com_ressalva,Janeiro26,A4:Q40,https://docs.google.com/spreadsheets/d/1u-nbp0DMjL0y5a2A-klO4wXbzHVN5Mrylr_OM6z8Iy0/edit#gid=1934321417,2026-09-17,Somado dos lançamentos da aba mensal; entregas não equivalem a beneficiários únicos. O painel-resumo diverge.
mudas,bandejas_entregues,2026-01,Total,57,bandejas,Campo Grande (MS),municipio,apto_com_ressalva,Janeiro26,A4:Q40,https://docs.google.com/spreadsheets/d/1u-nbp0DMjL0y5a2A-klO4wXbzHVN5Mrylr_OM6z8Iy0/edit#gid=1934321417,2026-09-17,Somado dos lançamentos da aba mensal; entregas não equivalem a beneficiários únicos. O painel-resumo diverge.
mudas,mudas_entregues,2026-01,Total,12000,mudas,Campo Grande (MS),municipio,apto_com_ressalva,Janeiro26,A4:Q40,https://docs.google.com/spreadsheets/d/1u-nbp0DMjL0y5a2A-klO4wXbzHVN5Mrylr_OM6z8Iy0/edit#gid=1934321417,2026-09-17,Somado dos lançamentos da aba mensal; entregas não equivalem a beneficiários únicos. O painel-resumo diverge.
mudas,bandejas_por_cultura,2026-01,Alface Americana,6,bandejas,Campo Grande (MS),municipio,apto_com_ressalva,Janeiro26,H4:Q40,https://docs.google.com/spreadsheets/d/1u-nbp0DMjL0y5a2A-klO4wXbzHVN5Mrylr_OM6z8Iy0/edit#gid=1934321417,2026-09-17,Soma dos registros individuais; fecha com o total de bandejas da aba.
mudas,bandejas_por_cultura,2026-01,Alface Crespa,13,bandejas,Campo Grande (MS),municipio,apto_com_ressalva,Janeiro26,H4:Q40,https://docs.google.com/spreadsheets/d/1u-nbp0DMjL0y5a2A-klO4wXbzHVN5Mrylr_OM6z8Iy0/edit#gid=1934321417,2026-09-17,Soma dos registros individuais; fecha com o total de bandejas da aba.
mudas,bandejas_por_cultura,2026-01,Almeirão,4,bandejas,Campo Grande (MS),municipio,apto_com_ressalva,Janeiro26,H4:Q40,https://docs.google.com/spreadsheets/d/1u-nbp0DMjL0y5a2A-klO4wXbzHVN5Mrylr_OM6z8Iy0/edit#gid=1934321417,2026-09-17,Soma dos registros individuais; fecha com o total de bandejas da aba.
mudas,bandejas_por_cultura,2026-01,Cebolinha,8,bandejas,Campo Grande (MS),municipio,apto_com_ressalva,Janeiro26,H4:Q40,https://docs.google.com/spreadsheets/d/1u-nbp0DMjL0y5a2A-klO4wXbzHVN5Mrylr_OM6z8Iy0/edit#gid=1934321417,2026-09-17,Soma dos registros individuais; fecha com o total de bandejas da aba.
mudas,bandejas_por_cultura,2026-01,Coentro,9,bandejas,Campo Grande (MS),municipio,apto_com_ressalva,Janeiro26,H4:Q40,https://docs.google.com/spreadsheets/d/1u-nbp0DMjL0y5a2A-klO4wXbzHVN5Mrylr_OM6z8Iy0/edit#gid=1934321417,2026-09-17,Soma dos registros individuais; fecha com o total de bandejas da aba.
mudas,bandejas_por_cultura,2026-01,Couve,5,bandejas,Campo Grande (MS),municipio,apto_com_ressalva,Janeiro26,H4:Q40,https://docs.google.com/spreadsheets/d/1u-nbp0DMjL0y5a2A-klO4wXbzHVN5Mrylr_OM6z8Iy0/edit#gid=1934321417,2026-09-17,Soma dos registros individuais; fecha com o total de bandejas da aba.
mudas,bandejas_por_cultura,2026-01,Rúcula,4,bandejas,Campo Grande (MS),municipio,apto_com_ressalva,Janeiro26,H4:Q40,https://docs.google.com/spreadsheets/d/1u-nbp0DMjL0y5a2A-klO4wXbzHVN5Mrylr_OM6z8Iy0/edit#gid=1934321417,2026-09-17,Soma dos registros individuais; fecha com o total de bandejas da aba.
mudas,bandejas_por_cultura,2026-01,Salsa,8,bandejas,Campo Grande (MS),municipio,apto_com_ressalva,Janeiro26,H4:Q40,https://docs.google.com/spreadsheets/d/1u-nbp0DMjL0y5a2A-klO4wXbzHVN5Mrylr_OM6z8Iy0/edit#gid=1934321417,2026-09-17,Soma dos registros individuais; fecha com o total de bandejas da aba.
mudas,entregas_registradas,2026-02,Total,10,entregas,Campo Grande (MS),municipio,apto_com_ressalva,Feveireiro26,A4:Q40,https://docs.google.com/spreadsheets/d/1u-nbp0DMjL0y5a2A-klO4wXbzHVN5Mrylr_OM6z8Iy0/edit#gid=1163698042,2026-09-17,Somado dos lançamentos da aba mensal; entregas não equivalem a beneficiários únicos. O painel-resumo diverge.
mudas,bandejas_entregues,2026-02,Total,62,bandejas,Campo Grande (MS),municipio,apto_com_ressalva,Feveireiro26,A4:Q40,https://docs.google.com/spreadsheets/d/1u-nbp0DMjL0y5a2A-klO4wXbzHVN5Mrylr_OM6z8Iy0/edit#gid=1163698042,2026-09-17,Somado dos lançamentos da aba mensal; entregas não equivalem a beneficiários únicos. O painel-resumo diverge.
mudas,mudas_entregues,2026-02,Total,14000,mudas,Campo Grande (MS),municipio,apto_com_ressalva,Feveireiro26,A4:Q40,https://docs.google.com/spreadsheets/d/1u-nbp0DMjL0y5a2A-klO4wXbzHVN5Mrylr_OM6z8Iy0/edit#gid=1163698042,2026-09-17,Somado dos lançamentos da aba mensal; entregas não equivalem a beneficiários únicos. O painel-resumo diverge.
mudas,bandejas_por_cultura,2026-02,Alface Americana,7,bandejas,Campo Grande (MS),municipio,apto_com_ressalva,Feveireiro26,H4:Q40,https://docs.google.com/spreadsheets/d/1u-nbp0DMjL0y5a2A-klO4wXbzHVN5Mrylr_OM6z8Iy0/edit#gid=1163698042,2026-09-17,Soma dos registros individuais; fecha com o total de bandejas da aba.
mudas,bandejas_por_cultura,2026-02,Alface Crespa,12,bandejas,Campo Grande (MS),municipio,apto_com_ressalva,Feveireiro26,H4:Q40,https://docs.google.com/spreadsheets/d/1u-nbp0DMjL0y5a2A-klO4wXbzHVN5Mrylr_OM6z8Iy0/edit#gid=1163698042,2026-09-17,Soma dos registros individuais; fecha com o total de bandejas da aba.
mudas,bandejas_por_cultura,2026-02,Almeirão,3,bandejas,Campo Grande (MS),municipio,apto_com_ressalva,Feveireiro26,H4:Q40,https://docs.google.com/spreadsheets/d/1u-nbp0DMjL0y5a2A-klO4wXbzHVN5Mrylr_OM6z8Iy0/edit#gid=1163698042,2026-09-17,Soma dos registros individuais; fecha com o total de bandejas da aba.
mudas,bandejas_por_cultura,2026-02,Cebolinha,11,bandejas,Campo Grande (MS),municipio,apto_com_ressalva,Feveireiro26,H4:Q40,https://docs.google.com/spreadsheets/d/1u-nbp0DMjL0y5a2A-klO4wXbzHVN5Mrylr_OM6z8Iy0/edit#gid=1163698042,2026-09-17,Soma dos registros individuais; fecha com o total de bandejas da aba.
mudas,bandejas_por_cultura,2026-02,Coentro,8,bandejas,Campo Grande (MS),municipio,apto_com_ressalva,Feveireiro26,H4:Q40,https://docs.google.com/spreadsheets/d/1u-nbp0DMjL0y5a2A-klO4wXbzHVN5Mrylr_OM6z8Iy0/edit#gid=1163698042,2026-09-17,Soma dos registros individuais; fecha com o total de bandejas da aba.
mudas,bandejas_por_cultura,2026-02,Couve,6,bandejas,Campo Grande (MS),municipio,apto_com_ressalva,Feveireiro26,H4:Q40,https://docs.google.com/spreadsheets/d/1u-nbp0DMjL0y5a2A-klO4wXbzHVN5Mrylr_OM6z8Iy0/edit#gid=1163698042,2026-09-17,Soma dos registros individuais; fecha com o total de bandejas da aba.
mudas,bandejas_por_cultura,2026-02,Rúcula,6,bandejas,Campo Grande (MS),municipio,apto_com_ressalva,Feveireiro26,H4:Q40,https://docs.google.com/spreadsheets/d/1u-nbp0DMjL0y5a2A-klO4wXbzHVN5Mrylr_OM6z8Iy0/edit#gid=1163698042,2026-09-17,Soma dos registros individuais; fecha com o total de bandejas da aba.
mudas,bandejas_por_cultura,2026-02,Salsa,9,bandejas,Campo Grande (MS),municipio,apto_com_ressalva,Feveireiro26,H4:Q40,https://docs.google.com/spreadsheets/d/1u-nbp0DMjL0y5a2A-klO4wXbzHVN5Mrylr_OM6z8Iy0/edit#gid=1163698042,2026-09-17,Soma dos registros individuais; fecha com o total de bandejas da aba.
mudas,entregas_registradas,2026-03,Total,9,entregas,Campo Grande (MS),municipio,apto_com_ressalva,março26,A4:Q40,https://docs.google.com/spreadsheets/d/1u-nbp0DMjL0y5a2A-klO4wXbzHVN5Mrylr_OM6z8Iy0/edit#gid=1740722388,2026-09-17,Somado dos lançamentos da aba mensal; entregas não equivalem a beneficiários únicos. O painel-resumo diverge.
mudas,bandejas_entregues,2026-03,Total,65,bandejas,Campo Grande (MS),municipio,apto_com_ressalva,março26,A4:Q40,https://docs.google.com/spreadsheets/d/1u-nbp0DMjL0y5a2A-klO4wXbzHVN5Mrylr_OM6z8Iy0/edit#gid=1740722388,2026-09-17,Somado dos lançamentos da aba mensal; entregas não equivalem a beneficiários únicos. O painel-resumo diverge.
mudas,mudas_entregues,2026-03,Total,14000,mudas,Campo Grande (MS),municipio,apto_com_ressalva,março26,A4:Q40,https://docs.google.com/spreadsheets/d/1u-nbp0DMjL0y5a2A-klO4wXbzHVN5Mrylr_OM6z8Iy0/edit#gid=1740722388,2026-09-17,Somado dos lançamentos da aba mensal; entregas não equivalem a beneficiários únicos. O painel-resumo diverge.
mudas,bandejas_por_cultura,2026-03,Alface Americana,8,bandejas,Campo Grande (MS),municipio,apto_com_ressalva,março26,H4:Q40,https://docs.google.com/spreadsheets/d/1u-nbp0DMjL0y5a2A-klO4wXbzHVN5Mrylr_OM6z8Iy0/edit#gid=1740722388,2026-09-17,Soma dos registros individuais; fecha com o total de bandejas da aba.
mudas,bandejas_por_cultura,2026-03,Alface Crespa,14,bandejas,Campo Grande (MS),municipio,apto_com_ressalva,março26,H4:Q40,https://docs.google.com/spreadsheets/d/1u-nbp0DMjL0y5a2A-klO4wXbzHVN5Mrylr_OM6z8Iy0/edit#gid=1740722388,2026-09-17,Soma dos registros individuais; fecha com o total de bandejas da aba.
mudas,bandejas_por_cultura,2026-03,Almeirão,5,bandejas,Campo Grande (MS),municipio,apto_com_ressalva,março26,H4:Q40,https://docs.google.com/spreadsheets/d/1u-nbp0DMjL0y5a2A-klO4wXbzHVN5Mrylr_OM6z8Iy0/edit#gid=1740722388,2026-09-17,Soma dos registros individuais; fecha com o total de bandejas da aba.
mudas,bandejas_por_cultura,2026-03,Cebolinha,9,bandejas,Campo Grande (MS),municipio,apto_com_ressalva,março26,H4:Q40,https://docs.google.com/spreadsheets/d/1u-nbp0DMjL0y5a2A-klO4wXbzHVN5Mrylr_OM6z8Iy0/edit#gid=1740722388,2026-09-17,Soma dos registros individuais; fecha com o total de bandejas da aba.
mudas,bandejas_por_cultura,2026-03,Coentro,10,bandejas,Campo Grande (MS),municipio,apto_com_ressalva,março26,H4:Q40,https://docs.google.com/spreadsheets/d/1u-nbp0DMjL0y5a2A-klO4wXbzHVN5Mrylr_OM6z8Iy0/edit#gid=1740722388,2026-09-17,Soma dos registros individuais; fecha com o total de bandejas da aba.
mudas,bandejas_por_cultura,2026-03,Couve,6,bandejas,Campo Grande (MS),municipio,apto_com_ressalva,março26,H4:Q40,https://docs.google.com/spreadsheets/d/1u-nbp0DMjL0y5a2A-klO4wXbzHVN5Mrylr_OM6z8Iy0/edit#gid=1740722388,2026-09-17,Soma dos registros individuais; fecha com o total de bandejas da aba.
mudas,bandejas_por_cultura,2026-03,Rúcula,5,bandejas,Campo Grande (MS),municipio,apto_com_ressalva,março26,H4:Q40,https://docs.google.com/spreadsheets/d/1u-nbp0DMjL0y5a2A-klO4wXbzHVN5Mrylr_OM6z8Iy0/edit#gid=1740722388,2026-09-17,Soma dos registros individuais; fecha com o total de bandejas da aba.
mudas,bandejas_por_cultura,2026-03,Salsa,8,bandejas,Campo Grande (MS),municipio,apto_com_ressalva,março26,H4:Q40,https://docs.google.com/spreadsheets/d/1u-nbp0DMjL0y5a2A-klO4wXbzHVN5Mrylr_OM6z8Iy0/edit#gid=1740722388,2026-09-17,Soma dos registros individuais; fecha com o total de bandejas da aba.
mudas,entregas_registradas,2026-04,Total,10,entregas,Campo Grande (MS),municipio,apto_com_ressalva,abril26,A4:Q40,https://docs.google.com/spreadsheets/d/1u-nbp0DMjL0y5a2A-klO4wXbzHVN5Mrylr_OM6z8Iy0/edit#gid=194540191,2026-09-17,Somado dos lançamentos da aba mensal; entregas não equivalem a beneficiários únicos. O painel-resumo diverge.
mudas,bandejas_entregues,2026-04,Total,72,bandejas,Campo Grande (MS),municipio,apto_com_ressalva,abril26,A4:Q40,https://docs.google.com/spreadsheets/d/1u-nbp0DMjL0y5a2A-klO4wXbzHVN5Mrylr_OM6z8Iy0/edit#gid=194540191,2026-09-17,Somado dos lançamentos da aba mensal; entregas não equivalem a beneficiários únicos. O painel-resumo diverge.
mudas,mudas_entregues,2026-04,Total,15000,mudas,Campo Grande (MS),municipio,apto_com_ressalva,abril26,A4:Q40,https://docs.google.com/spreadsheets/d/1u-nbp0DMjL0y5a2A-klO4wXbzHVN5Mrylr_OM6z8Iy0/edit#gid=194540191,2026-09-17,Somado dos lançamentos da aba mensal; entregas não equivalem a beneficiários únicos. O painel-resumo diverge.
mudas,bandejas_por_cultura,2026-04,Alface Americana,9,bandejas,Campo Grande (MS),municipio,apto_com_ressalva,abril26,H4:Q40,https://docs.google.com/spreadsheets/d/1u-nbp0DMjL0y5a2A-klO4wXbzHVN5Mrylr_OM6z8Iy0/edit#gid=194540191,2026-09-17,Soma dos registros individuais; fecha com o total de bandejas da aba.
mudas,bandejas_por_cultura,2026-04,Alface Crespa,14,bandejas,Campo Grande (MS),municipio,apto_com_ressalva,abril26,H4:Q40,https://docs.google.com/spreadsheets/d/1u-nbp0DMjL0y5a2A-klO4wXbzHVN5Mrylr_OM6z8Iy0/edit#gid=194540191,2026-09-17,Soma dos registros individuais; fecha com o total de bandejas da aba.
mudas,bandejas_por_cultura,2026-04,Almeirão,3,bandejas,Campo Grande (MS),municipio,apto_com_ressalva,abril26,H4:Q40,https://docs.google.com/spreadsheets/d/1u-nbp0DMjL0y5a2A-klO4wXbzHVN5Mrylr_OM6z8Iy0/edit#gid=194540191,2026-09-17,Soma dos registros individuais; fecha com o total de bandejas da aba.
mudas,bandejas_por_cultura,2026-04,Cebolinha,13,bandejas,Campo Grande (MS),municipio,apto_com_ressalva,abril26,H4:Q40,https://docs.google.com/spreadsheets/d/1u-nbp0DMjL0y5a2A-klO4wXbzHVN5Mrylr_OM6z8Iy0/edit#gid=194540191,2026-09-17,Soma dos registros individuais; fecha com o total de bandejas da aba.
mudas,bandejas_por_cultura,2026-04,Coentro,9,bandejas,Campo Grande (MS),municipio,apto_com_ressalva,abril26,H4:Q40,https://docs.google.com/spreadsheets/d/1u-nbp0DMjL0y5a2A-klO4wXbzHVN5Mrylr_OM6z8Iy0/edit#gid=194540191,2026-09-17,Soma dos registros individuais; fecha com o total de bandejas da aba.
mudas,bandejas_por_cultura,2026-04,Couve,6,bandejas,Campo Grande (MS),municipio,apto_com_ressalva,abril26,H4:Q40,https://docs.google.com/spreadsheets/d/1u-nbp0DMjL0y5a2A-klO4wXbzHVN5Mrylr_OM6z8Iy0/edit#gid=194540191,2026-09-17,Soma dos registros individuais; fecha com o total de bandejas da aba.
mudas,bandejas_por_cultura,2026-04,Rúcula,7,bandejas,Campo Grande (MS),municipio,apto_com_ressalva,abril26,H4:Q40,https://docs.google.com/spreadsheets/d/1u-nbp0DMjL0y5a2A-klO4wXbzHVN5Mrylr_OM6z8Iy0/edit#gid=194540191,2026-09-17,Soma dos registros individuais; fecha com o total de bandejas da aba.
mudas,bandejas_por_cultura,2026-04,Salsa,11,bandejas,Campo Grande (MS),municipio,apto_com_ressalva,abril26,H4:Q40,https://docs.google.com/spreadsheets/d/1u-nbp0DMjL0y5a2A-klO4wXbzHVN5Mrylr_OM6z8Iy0/edit#gid=194540191,2026-09-17,Soma dos registros individuais; fecha com o total de bandejas da aba.
mudas,entregas_registradas,2026-05,Total,10,entregas,Campo Grande (MS),municipio,apto_com_ressalva,maio26,A4:Q40,https://docs.google.com/spreadsheets/d/1u-nbp0DMjL0y5a2A-klO4wXbzHVN5Mrylr_OM6z8Iy0/edit#gid=648748910,2026-09-17,Somado dos lançamentos da aba mensal; entregas não equivalem a beneficiários únicos. O painel-resumo diverge.
mudas,bandejas_entregues,2026-05,Total,78,bandejas,Campo Grande (MS),municipio,apto_com_ressalva,maio26,A4:Q40,https://docs.google.com/spreadsheets/d/1u-nbp0DMjL0y5a2A-klO4wXbzHVN5Mrylr_OM6z8Iy0/edit#gid=648748910,2026-09-17,Somado dos lançamentos da aba mensal; entregas não equivalem a beneficiários únicos. O painel-resumo diverge.
mudas,mudas_entregues,2026-05,Total,16000,mudas,Campo Grande (MS),municipio,apto_com_ressalva,maio26,A4:Q40,https://docs.google.com/spreadsheets/d/1u-nbp0DMjL0y5a2A-klO4wXbzHVN5Mrylr_OM6z8Iy0/edit#gid=648748910,2026-09-17,Somado dos lançamentos da aba mensal; entregas não equivalem a beneficiários únicos. O painel-resumo diverge.
mudas,bandejas_por_cultura,2026-05,Alface Americana,11,bandejas,Campo Grande (MS),municipio,apto_com_ressalva,maio26,H4:Q40,https://docs.google.com/spreadsheets/d/1u-nbp0DMjL0y5a2A-klO4wXbzHVN5Mrylr_OM6z8Iy0/edit#gid=648748910,2026-09-17,Soma dos registros individuais; fecha com o total de bandejas da aba.
mudas,bandejas_por_cultura,2026-05,Alface Crespa,16,bandejas,Campo Grande (MS),municipio,apto_com_ressalva,maio26,H4:Q40,https://docs.google.com/spreadsheets/d/1u-nbp0DMjL0y5a2A-klO4wXbzHVN5Mrylr_OM6z8Iy0/edit#gid=648748910,2026-09-17,Soma dos registros individuais; fecha com o total de bandejas da aba.
mudas,bandejas_por_cultura,2026-05,Almeirão,5,bandejas,Campo Grande (MS),municipio,apto_com_ressalva,maio26,H4:Q40,https://docs.google.com/spreadsheets/d/1u-nbp0DMjL0y5a2A-klO4wXbzHVN5Mrylr_OM6z8Iy0/edit#gid=648748910,2026-09-17,Soma dos registros individuais; fecha com o total de bandejas da aba.
mudas,bandejas_por_cultura,2026-05,Cebolinha,11,bandejas,Campo Grande (MS),municipio,apto_com_ressalva,maio26,H4:Q40,https://docs.google.com/spreadsheets/d/1u-nbp0DMjL0y5a2A-klO4wXbzHVN5Mrylr_OM6z8Iy0/edit#gid=648748910,2026-09-17,Soma dos registros individuais; fecha com o total de bandejas da aba.
mudas,bandejas_por_cultura,2026-05,Coentro,10,bandejas,Campo Grande (MS),municipio,apto_com_ressalva,maio26,H4:Q40,https://docs.google.com/spreadsheets/d/1u-nbp0DMjL0y5a2A-klO4wXbzHVN5Mrylr_OM6z8Iy0/edit#gid=648748910,2026-09-17,Soma dos registros individuais; fecha com o total de bandejas da aba.
mudas,bandejas_por_cultura,2026-05,Couve,10,bandejas,Campo Grande (MS),municipio,apto_com_ressalva,maio26,H4:Q40,https://docs.google.com/spreadsheets/d/1u-nbp0DMjL0y5a2A-klO4wXbzHVN5Mrylr_OM6z8Iy0/edit#gid=648748910,2026-09-17,Soma dos registros individuais; fecha com o total de bandejas da aba.
mudas,bandejas_por_cultura,2026-05,Rúcula,6,bandejas,Campo Grande (MS),municipio,apto_com_ressalva,maio26,H4:Q40,https://docs.google.com/spreadsheets/d/1u-nbp0DMjL0y5a2A-klO4wXbzHVN5Mrylr_OM6z8Iy0/edit#gid=648748910,2026-09-17,Soma dos registros individuais; fecha com o total de bandejas da aba.
mudas,bandejas_por_cultura,2026-05,Salsa,9,bandejas,Campo Grande (MS),municipio,apto_com_ressalva,maio26,H4:Q40,https://docs.google.com/spreadsheets/d/1u-nbp0DMjL0y5a2A-klO4wXbzHVN5Mrylr_OM6z8Iy0/edit#gid=648748910,2026-09-17,Soma dos registros individuais; fecha com o total de bandejas da aba.
mudas,entregas_registradas,2026-06,Total,11,entregas,Campo Grande (MS),municipio,apto_com_ressalva,junho26,A4:Q40,https://docs.google.com/spreadsheets/d/1u-nbp0DMjL0y5a2A-klO4wXbzHVN5Mrylr_OM6z8Iy0/edit#gid=39289967,2026-09-17,Somado dos lançamentos da aba mensal; entregas não equivalem a beneficiários únicos. O painel-resumo diverge.
mudas,bandejas_entregues,2026-06,Total,81,bandejas,Campo Grande (MS),municipio,apto_com_ressalva,junho26,A4:Q40,https://docs.google.com/spreadsheets/d/1u-nbp0DMjL0y5a2A-klO4wXbzHVN5Mrylr_OM6z8Iy0/edit#gid=39289967,2026-09-17,Somado dos lançamentos da aba mensal; entregas não equivalem a beneficiários únicos. O painel-resumo diverge.
mudas,mudas_entregues,2026-06,Total,18000,mudas,Campo Grande (MS),municipio,apto_com_ressalva,junho26,A4:Q40,https://docs.google.com/spreadsheets/d/1u-nbp0DMjL0y5a2A-klO4wXbzHVN5Mrylr_OM6z8Iy0/edit#gid=39289967,2026-09-17,Somado dos lançamentos da aba mensal; entregas não equivalem a beneficiários únicos. O painel-resumo diverge.
mudas,bandejas_por_cultura,2026-06,Alface Americana,13,bandejas,Campo Grande (MS),municipio,apto_com_ressalva,junho26,H4:Q40,https://docs.google.com/spreadsheets/d/1u-nbp0DMjL0y5a2A-klO4wXbzHVN5Mrylr_OM6z8Iy0/edit#gid=39289967,2026-09-17,Soma dos registros individuais; fecha com o total de bandejas da aba.
mudas,bandejas_por_cultura,2026-06,Alface Lisa,2,bandejas,Campo Grande (MS),municipio,apto_com_ressalva,junho26,H4:Q40,https://docs.google.com/spreadsheets/d/1u-nbp0DMjL0y5a2A-klO4wXbzHVN5Mrylr_OM6z8Iy0/edit#gid=39289967,2026-09-17,Soma dos registros individuais; fecha com o total de bandejas da aba.
mudas,bandejas_por_cultura,2026-06,Alface Crespa,16,bandejas,Campo Grande (MS),municipio,apto_com_ressalva,junho26,H4:Q40,https://docs.google.com/spreadsheets/d/1u-nbp0DMjL0y5a2A-klO4wXbzHVN5Mrylr_OM6z8Iy0/edit#gid=39289967,2026-09-17,Soma dos registros individuais; fecha com o total de bandejas da aba.
mudas,bandejas_por_cultura,2026-06,Alface Roxa,1,bandejas,Campo Grande (MS),municipio,apto_com_ressalva,junho26,H4:Q40,https://docs.google.com/spreadsheets/d/1u-nbp0DMjL0y5a2A-klO4wXbzHVN5Mrylr_OM6z8Iy0/edit#gid=39289967,2026-09-17,Soma dos registros individuais; fecha com o total de bandejas da aba.
mudas,bandejas_por_cultura,2026-06,Almeirão,3,bandejas,Campo Grande (MS),municipio,apto_com_ressalva,junho26,H4:Q40,https://docs.google.com/spreadsheets/d/1u-nbp0DMjL0y5a2A-klO4wXbzHVN5Mrylr_OM6z8Iy0/edit#gid=39289967,2026-09-17,Soma dos registros individuais; fecha com o total de bandejas da aba.
mudas,bandejas_por_cultura,2026-06,Cebolinha,13,bandejas,Campo Grande (MS),municipio,apto_com_ressalva,junho26,H4:Q40,https://docs.google.com/spreadsheets/d/1u-nbp0DMjL0y5a2A-klO4wXbzHVN5Mrylr_OM6z8Iy0/edit#gid=39289967,2026-09-17,Soma dos registros individuais; fecha com o total de bandejas da aba.
mudas,bandejas_por_cultura,2026-06,Coentro,9,bandejas,Campo Grande (MS),municipio,apto_com_ressalva,junho26,H4:Q40,https://docs.google.com/spreadsheets/d/1u-nbp0DMjL0y5a2A-klO4wXbzHVN5Mrylr_OM6z8Iy0/edit#gid=39289967,2026-09-17,Soma dos registros individuais; fecha com o total de bandejas da aba.
mudas,bandejas_por_cultura,2026-06,Couve,8,bandejas,Campo Grande (MS),municipio,apto_com_ressalva,junho26,H4:Q40,https://docs.google.com/spreadsheets/d/1u-nbp0DMjL0y5a2A-klO4wXbzHVN5Mrylr_OM6z8Iy0/edit#gid=39289967,2026-09-17,Soma dos registros individuais; fecha com o total de bandejas da aba.
mudas,bandejas_por_cultura,2026-06,Rúcula,5,bandejas,Campo Grande (MS),municipio,apto_com_ressalva,junho26,H4:Q40,https://docs.google.com/spreadsheets/d/1u-nbp0DMjL0y5a2A-klO4wXbzHVN5Mrylr_OM6z8Iy0/edit#gid=39289967,2026-09-17,Soma dos registros individuais; fecha com o total de bandejas da aba.
mudas,bandejas_por_cultura,2026-06,Salsa,11,bandejas,Campo Grande (MS),municipio,apto_com_ressalva,junho26,H4:Q40,https://docs.google.com/spreadsheets/d/1u-nbp0DMjL0y5a2A-klO4wXbzHVN5Mrylr_OM6z8Iy0/edit#gid=39289967,2026-09-17,Soma dos registros individuais; fecha com o total de bandejas da aba.
mudas,entregas_registradas,2026-07,Total,10,entregas,Campo Grande (MS),municipio,apto_com_ressalva,julho26,A4:Q40,https://docs.google.com/spreadsheets/d/1u-nbp0DMjL0y5a2A-klO4wXbzHVN5Mrylr_OM6z8Iy0/edit#gid=2114305544,2026-09-17,Somado dos lançamentos da aba mensal; entregas não equivalem a beneficiários únicos. O painel-resumo diverge.
mudas,bandejas_entregues,2026-07,Total,97,bandejas,Campo Grande (MS),municipio,apto_com_ressalva,julho26,A4:Q40,https://docs.google.com/spreadsheets/d/1u-nbp0DMjL0y5a2A-klO4wXbzHVN5Mrylr_OM6z8Iy0/edit#gid=2114305544,2026-09-17,Somado dos lançamentos da aba mensal; entregas não equivalem a beneficiários únicos. O painel-resumo diverge.
mudas,mudas_entregues,2026-07,Total,16000,mudas,Campo Grande (MS),municipio,apto_com_ressalva,julho26,A4:Q40,https://docs.google.com/spreadsheets/d/1u-nbp0DMjL0y5a2A-klO4wXbzHVN5Mrylr_OM6z8Iy0/edit#gid=2114305544,2026-09-17,Somado dos lançamentos da aba mensal; entregas não equivalem a beneficiários únicos. O painel-resumo diverge.
mudas,bandejas_por_cultura,2026-07,Alface Americana,20,bandejas,Campo Grande (MS),municipio,apto_com_ressalva,julho26,H4:Q40,https://docs.google.com/spreadsheets/d/1u-nbp0DMjL0y5a2A-klO4wXbzHVN5Mrylr_OM6z8Iy0/edit#gid=2114305544,2026-09-17,Soma dos registros individuais; fecha com o total de bandejas da aba.
mudas,bandejas_por_cultura,2026-07,Alface Lisa,2,bandejas,Campo Grande (MS),municipio,apto_com_ressalva,julho26,H4:Q40,https://docs.google.com/spreadsheets/d/1u-nbp0DMjL0y5a2A-klO4wXbzHVN5Mrylr_OM6z8Iy0/edit#gid=2114305544,2026-09-17,Soma dos registros individuais; fecha com o total de bandejas da aba.
mudas,bandejas_por_cultura,2026-07,Alface Crespa,23,bandejas,Campo Grande (MS),municipio,apto_com_ressalva,julho26,H4:Q40,https://docs.google.com/spreadsheets/d/1u-nbp0DMjL0y5a2A-klO4wXbzHVN5Mrylr_OM6z8Iy0/edit#gid=2114305544,2026-09-17,Soma dos registros individuais; fecha com o total de bandejas da aba.
mudas,bandejas_por_cultura,2026-07,Almeirão,7,bandejas,Campo Grande (MS),municipio,apto_com_ressalva,julho26,H4:Q40,https://docs.google.com/spreadsheets/d/1u-nbp0DMjL0y5a2A-klO4wXbzHVN5Mrylr_OM6z8Iy0/edit#gid=2114305544,2026-09-17,Soma dos registros individuais; fecha com o total de bandejas da aba.
mudas,bandejas_por_cultura,2026-07,Cebolinha,7,bandejas,Campo Grande (MS),municipio,apto_com_ressalva,julho26,H4:Q40,https://docs.google.com/spreadsheets/d/1u-nbp0DMjL0y5a2A-klO4wXbzHVN5Mrylr_OM6z8Iy0/edit#gid=2114305544,2026-09-17,Soma dos registros individuais; fecha com o total de bandejas da aba.
mudas,bandejas_por_cultura,2026-07,Coentro,9,bandejas,Campo Grande (MS),municipio,apto_com_ressalva,julho26,H4:Q40,https://docs.google.com/spreadsheets/d/1u-nbp0DMjL0y5a2A-klO4wXbzHVN5Mrylr_OM6z8Iy0/edit#gid=2114305544,2026-09-17,Soma dos registros individuais; fecha com o total de bandejas da aba.
mudas,bandejas_por_cultura,2026-07,Couve,10,bandejas,Campo Grande (MS),municipio,apto_com_ressalva,julho26,H4:Q40,https://docs.google.com/spreadsheets/d/1u-nbp0DMjL0y5a2A-klO4wXbzHVN5Mrylr_OM6z8Iy0/edit#gid=2114305544,2026-09-17,Soma dos registros individuais; fecha com o total de bandejas da aba.
mudas,bandejas_por_cultura,2026-07,Rúcula,8,bandejas,Campo Grande (MS),municipio,apto_com_ressalva,julho26,H4:Q40,https://docs.google.com/spreadsheets/d/1u-nbp0DMjL0y5a2A-klO4wXbzHVN5Mrylr_OM6z8Iy0/edit#gid=2114305544,2026-09-17,Soma dos registros individuais; fecha com o total de bandejas da aba.
mudas,bandejas_por_cultura,2026-07,Salsa,11,bandejas,Campo Grande (MS),municipio,apto_com_ressalva,julho26,H4:Q40,https://docs.google.com/spreadsheets/d/1u-nbp0DMjL0y5a2A-klO4wXbzHVN5Mrylr_OM6z8Iy0/edit#gid=2114305544,2026-09-17,Soma dos registros individuais; fecha com o total de bandejas da aba.
mudas,entregas_registradas,2026-01/2026-07,Total,69,entregas,Campo Grande (MS),municipio,apto_com_ressalva,abas mensais,Janeiro26 a julho26,https://docs.google.com/spreadsheets/d/1u-nbp0DMjL0y5a2A-klO4wXbzHVN5Mrylr_OM6z8Iy0/edit#gid=0,2026-09-17,Agosto sem lançamentos na aba mensal. Não usar o total conflitante do DASHBOAD.
mudas,bandejas_entregues,2026-01/2026-07,Total,512,bandejas,Campo Grande (MS),municipio,apto_com_ressalva,abas mensais,Janeiro26 a julho26,https://docs.google.com/spreadsheets/d/1u-nbp0DMjL0y5a2A-klO4wXbzHVN5Mrylr_OM6z8Iy0/edit#gid=0,2026-09-17,Agosto sem lançamentos na aba mensal. Não usar o total conflitante do DASHBOAD.
mudas,mudas_entregues,2026-01/2026-07,Total,105000,mudas,Campo Grande (MS),municipio,apto_com_ressalva,abas mensais,Janeiro26 a julho26,https://docs.google.com/spreadsheets/d/1u-nbp0DMjL0y5a2A-klO4wXbzHVN5Mrylr_OM6z8Iy0/edit#gid=0,2026-09-17,Agosto sem lançamentos na aba mensal. Não usar o total conflitante do DASHBOAD.
paa,valor_projetos,nao_informado,Total,497761.67,BRL,Campo Grande (MS),municipio,pendente_validacao,PaginaInicial,C7,https://docs.google.com/spreadsheets/d/1UoGr4IXi_aDUZgnWwnfaDpCFZGF8yqBKJDbx3aS9Hss/edit#gid=1205994769,2026-09-17,Cartão geral não reconcilia com o quadro por produto ou com a série mensal; confirmar recorte e período.
paa,valor_pago,nao_informado,Total,497761.13,BRL,Campo Grande (MS),municipio,pendente_validacao,PaginaInicial,E7,https://docs.google.com/spreadsheets/d/1UoGr4IXi_aDUZgnWwnfaDpCFZGF8yqBKJDbx3aS9Hss/edit#gid=1205994769,2026-09-17,Cartão geral não reconcilia com o quadro por produto ou com a série mensal; confirmar recorte e período.
paa,valor_restante,nao_informado,Total,0.54,BRL,Campo Grande (MS),municipio,pendente_validacao,PaginaInicial,G7,https://docs.google.com/spreadsheets/d/1UoGr4IXi_aDUZgnWwnfaDpCFZGF8yqBKJDbx3aS9Hss/edit#gid=1205994769,2026-09-17,Cartão geral não reconcilia com o quadro por produto ou com a série mensal; confirmar recorte e período.
paa,quantidade_prevista,nao_informado,Total,59361.62,kg,Campo Grande (MS),municipio,pendente_validacao,PaginaInicial,C10,https://docs.google.com/spreadsheets/d/1UoGr4IXi_aDUZgnWwnfaDpCFZGF8yqBKJDbx3aS9Hss/edit#gid=1205994769,2026-09-17,Cartão geral não reconcilia com o quadro por produto ou com a série mensal; confirmar recorte e período.
paa,quantidade_entregue,nao_informado,Total,59361.62,kg,Campo Grande (MS),municipio,pendente_validacao,PaginaInicial,G10,https://docs.google.com/spreadsheets/d/1UoGr4IXi_aDUZgnWwnfaDpCFZGF8yqBKJDbx3aS9Hss/edit#gid=1205994769,2026-09-17,Cartão geral não reconcilia com o quadro por produto ou com a série mensal; confirmar recorte e período.
paa,quantidade_produto,nao_informado,ABACATE,1834.7,kg,Campo Grande (MS),municipio,pendente_validacao,PaginaInicial,E57,https://docs.google.com/spreadsheets/d/1UoGr4IXi_aDUZgnWwnfaDpCFZGF8yqBKJDbx3aS9Hss/edit#gid=1205994769,2026-09-17,Quadro por produto; não somar solicitações como produtores únicos. Diverge do cartão geral.
paa,valor_produto,nao_informado,ABACATE,16824.2,BRL,Campo Grande (MS),municipio,pendente_validacao,PaginaInicial,G57,https://docs.google.com/spreadsheets/d/1UoGr4IXi_aDUZgnWwnfaDpCFZGF8yqBKJDbx3aS9Hss/edit#gid=1205994769,2026-09-17,Quadro por produto; não somar solicitações como produtores únicos. Diverge do cartão geral.
paa,solicitacoes_produto,nao_informado,ABACATE,11,solicitacoes,Campo Grande (MS),municipio,pendente_validacao,PaginaInicial,I57,https://docs.google.com/spreadsheets/d/1UoGr4IXi_aDUZgnWwnfaDpCFZGF8yqBKJDbx3aS9Hss/edit#gid=1205994769,2026-09-17,Quadro por produto; não somar solicitações como produtores únicos. Diverge do cartão geral.
paa,quantidade_produto,nao_informado,"ABACAXI, havaí, pérola",1174.36,kg,Campo Grande (MS),municipio,pendente_validacao,PaginaInicial,E58,https://docs.google.com/spreadsheets/d/1UoGr4IXi_aDUZgnWwnfaDpCFZGF8yqBKJDbx3aS9Hss/edit#gid=1205994769,2026-09-17,Quadro por produto; não somar solicitações como produtores únicos. Diverge do cartão geral.
paa,valor_produto,nao_informado,"ABACAXI, havaí, pérola",13516.88,BRL,Campo Grande (MS),municipio,pendente_validacao,PaginaInicial,G58,https://docs.google.com/spreadsheets/d/1UoGr4IXi_aDUZgnWwnfaDpCFZGF8yqBKJDbx3aS9Hss/edit#gid=1205994769,2026-09-17,Quadro por produto; não somar solicitações como produtores únicos. Diverge do cartão geral.
paa,solicitacoes_produto,nao_informado,"ABACAXI, havaí, pérola",4,solicitacoes,Campo Grande (MS),municipio,pendente_validacao,PaginaInicial,I58,https://docs.google.com/spreadsheets/d/1UoGr4IXi_aDUZgnWwnfaDpCFZGF8yqBKJDbx3aS9Hss/edit#gid=1205994769,2026-09-17,Quadro por produto; não somar solicitações como produtores únicos. Diverge do cartão geral.
paa,quantidade_produto,nao_informado,"ABÓBORA, cabotiã, madura",2001.3,kg,Campo Grande (MS),municipio,pendente_validacao,PaginaInicial,E59,https://docs.google.com/spreadsheets/d/1UoGr4IXi_aDUZgnWwnfaDpCFZGF8yqBKJDbx3aS9Hss/edit#gid=1205994769,2026-09-17,Quadro por produto; não somar solicitações como produtores únicos. Diverge do cartão geral.
paa,valor_produto,nao_informado,"ABÓBORA, cabotiã, madura",8805.72,BRL,Campo Grande (MS),municipio,pendente_validacao,PaginaInicial,G59,https://docs.google.com/spreadsheets/d/1UoGr4IXi_aDUZgnWwnfaDpCFZGF8yqBKJDbx3aS9Hss/edit#gid=1205994769,2026-09-17,Quadro por produto; não somar solicitações como produtores únicos. Diverge do cartão geral.
paa,solicitacoes_produto,nao_informado,"ABÓBORA, cabotiã, madura",12,solicitacoes,Campo Grande (MS),municipio,pendente_validacao,PaginaInicial,I59,https://docs.google.com/spreadsheets/d/1UoGr4IXi_aDUZgnWwnfaDpCFZGF8yqBKJDbx3aS9Hss/edit#gid=1205994769,2026-09-17,Quadro por produto; não somar solicitações como produtores únicos. Diverge do cartão geral.
paa,quantidade_produto,nao_informado,"ABOBRINHA , menina",9939.3,kg,Campo Grande (MS),municipio,pendente_validacao,PaginaInicial,E60,https://docs.google.com/spreadsheets/d/1UoGr4IXi_aDUZgnWwnfaDpCFZGF8yqBKJDbx3aS9Hss/edit#gid=1205994769,2026-09-17,Quadro por produto; não somar solicitações como produtores únicos. Diverge do cartão geral.
paa,valor_produto,nao_informado,"ABOBRINHA , menina",68382.38,BRL,Campo Grande (MS),municipio,pendente_validacao,PaginaInicial,G60,https://docs.google.com/spreadsheets/d/1UoGr4IXi_aDUZgnWwnfaDpCFZGF8yqBKJDbx3aS9Hss/edit#gid=1205994769,2026-09-17,Quadro por produto; não somar solicitações como produtores únicos. Diverge do cartão geral.
paa,solicitacoes_produto,nao_informado,"ABOBRINHA , menina",41,solicitacoes,Campo Grande (MS),municipio,pendente_validacao,PaginaInicial,I60,https://docs.google.com/spreadsheets/d/1UoGr4IXi_aDUZgnWwnfaDpCFZGF8yqBKJDbx3aS9Hss/edit#gid=1205994769,2026-09-17,Quadro por produto; não somar solicitações como produtores únicos. Diverge do cartão geral.
paa,quantidade_produto,nao_informado,ALFACE,3387.02,kg,Campo Grande (MS),municipio,pendente_validacao,PaginaInicial,E63,https://docs.google.com/spreadsheets/d/1UoGr4IXi_aDUZgnWwnfaDpCFZGF8yqBKJDbx3aS9Hss/edit#gid=1205994769,2026-09-17,Quadro por produto; não somar solicitações como produtores únicos. Diverge do cartão geral.
paa,valor_produto,nao_informado,ALFACE,47113.45,BRL,Campo Grande (MS),municipio,pendente_validacao,PaginaInicial,G63,https://docs.google.com/spreadsheets/d/1UoGr4IXi_aDUZgnWwnfaDpCFZGF8yqBKJDbx3aS9Hss/edit#gid=1205994769,2026-09-17,Quadro por produto; não somar solicitações como produtores únicos. Diverge do cartão geral.
paa,solicitacoes_produto,nao_informado,ALFACE,21,solicitacoes,Campo Grande (MS),municipio,pendente_validacao,PaginaInicial,I63,https://docs.google.com/spreadsheets/d/1UoGr4IXi_aDUZgnWwnfaDpCFZGF8yqBKJDbx3aS9Hss/edit#gid=1205994769,2026-09-17,Quadro por produto; não somar solicitações como produtores únicos. Diverge do cartão geral.
paa,quantidade_produto,nao_informado,ALMEIRÃO,77,kg,Campo Grande (MS),municipio,pendente_validacao,PaginaInicial,E64,https://docs.google.com/spreadsheets/d/1UoGr4IXi_aDUZgnWwnfaDpCFZGF8yqBKJDbx3aS9Hss/edit#gid=1205994769,2026-09-17,Quadro por produto; não somar solicitações como produtores únicos. Diverge do cartão geral.
paa,valor_produto,nao_informado,ALMEIRÃO,994.84,BRL,Campo Grande (MS),municipio,pendente_validacao,PaginaInicial,G64,https://docs.google.com/spreadsheets/d/1UoGr4IXi_aDUZgnWwnfaDpCFZGF8yqBKJDbx3aS9Hss/edit#gid=1205994769,2026-09-17,Quadro por produto; não somar solicitações como produtores únicos. Diverge do cartão geral.
paa,solicitacoes_produto,nao_informado,ALMEIRÃO,2,solicitacoes,Campo Grande (MS),municipio,pendente_validacao,PaginaInicial,I64,https://docs.google.com/spreadsheets/d/1UoGr4IXi_aDUZgnWwnfaDpCFZGF8yqBKJDbx3aS9Hss/edit#gid=1205994769,2026-09-17,Quadro por produto; não somar solicitações como produtores únicos. Diverge do cartão geral.
paa,quantidade_produto,nao_informado,"BANANA, da terra",86,kg,Campo Grande (MS),municipio,pendente_validacao,PaginaInicial,E65,https://docs.google.com/spreadsheets/d/1UoGr4IXi_aDUZgnWwnfaDpCFZGF8yqBKJDbx3aS9Hss/edit#gid=1205994769,2026-09-17,Quadro por produto; não somar solicitações como produtores únicos. Diverge do cartão geral.
paa,valor_produto,nao_informado,"BANANA, da terra",1066.4,BRL,Campo Grande (MS),municipio,pendente_validacao,PaginaInicial,G65,https://docs.google.com/spreadsheets/d/1UoGr4IXi_aDUZgnWwnfaDpCFZGF8yqBKJDbx3aS9Hss/edit#gid=1205994769,2026-09-17,Quadro por produto; não somar solicitações como produtores únicos. Diverge do cartão geral.
paa,solicitacoes_produto,nao_informado,"BANANA, da terra",2,solicitacoes,Campo Grande (MS),municipio,pendente_validacao,PaginaInicial,I65,https://docs.google.com/spreadsheets/d/1UoGr4IXi_aDUZgnWwnfaDpCFZGF8yqBKJDbx3aS9Hss/edit#gid=1205994769,2026-09-17,Quadro por produto; não somar solicitações como produtores únicos. Diverge do cartão geral.
paa,quantidade_produto,nao_informado,"BANANA, maçã",25,kg,Campo Grande (MS),municipio,pendente_validacao,PaginaInicial,E66,https://docs.google.com/spreadsheets/d/1UoGr4IXi_aDUZgnWwnfaDpCFZGF8yqBKJDbx3aS9Hss/edit#gid=1205994769,2026-09-17,Quadro por produto; não somar solicitações como produtores únicos. Diverge do cartão geral.
paa,valor_produto,nao_informado,"BANANA, maçã",338.5,BRL,Campo Grande (MS),municipio,pendente_validacao,PaginaInicial,G66,https://docs.google.com/spreadsheets/d/1UoGr4IXi_aDUZgnWwnfaDpCFZGF8yqBKJDbx3aS9Hss/edit#gid=1205994769,2026-09-17,Quadro por produto; não somar solicitações como produtores únicos. Diverge do cartão geral.
paa,solicitacoes_produto,nao_informado,"BANANA, maçã",1,solicitacoes,Campo Grande (MS),municipio,pendente_validacao,PaginaInicial,I66,https://docs.google.com/spreadsheets/d/1UoGr4IXi_aDUZgnWwnfaDpCFZGF8yqBKJDbx3aS9Hss/edit#gid=1205994769,2026-09-17,Quadro por produto; não somar solicitações como produtores únicos. Diverge do cartão geral.
paa,quantidade_produto,nao_informado,"BANANA, nanica",25,kg,Campo Grande (MS),municipio,pendente_validacao,PaginaInicial,E67,https://docs.google.com/spreadsheets/d/1UoGr4IXi_aDUZgnWwnfaDpCFZGF8yqBKJDbx3aS9Hss/edit#gid=1205994769,2026-09-17,Quadro por produto; não somar solicitações como produtores únicos. Diverge do cartão geral.
paa,valor_produto,nao_informado,"BANANA, nanica",166.25,BRL,Campo Grande (MS),municipio,pendente_validacao,PaginaInicial,G67,https://docs.google.com/spreadsheets/d/1UoGr4IXi_aDUZgnWwnfaDpCFZGF8yqBKJDbx3aS9Hss/edit#gid=1205994769,2026-09-17,Quadro por produto; não somar solicitações como produtores únicos. Diverge do cartão geral.
paa,solicitacoes_produto,nao_informado,"BANANA, nanica",1,solicitacoes,Campo Grande (MS),municipio,pendente_validacao,PaginaInicial,I67,https://docs.google.com/spreadsheets/d/1UoGr4IXi_aDUZgnWwnfaDpCFZGF8yqBKJDbx3aS9Hss/edit#gid=1205994769,2026-09-17,Quadro por produto; não somar solicitações como produtores únicos. Diverge do cartão geral.
paa,quantidade_produto,nao_informado,"BANANA, prata",259.22,kg,Campo Grande (MS),municipio,pendente_validacao,PaginaInicial,E68,https://docs.google.com/spreadsheets/d/1UoGr4IXi_aDUZgnWwnfaDpCFZGF8yqBKJDbx3aS9Hss/edit#gid=1205994769,2026-09-17,Quadro por produto; não somar solicitações como produtores únicos. Diverge do cartão geral.
paa,valor_produto,nao_informado,"BANANA, prata",2332.98,BRL,Campo Grande (MS),municipio,pendente_validacao,PaginaInicial,G68,https://docs.google.com/spreadsheets/d/1UoGr4IXi_aDUZgnWwnfaDpCFZGF8yqBKJDbx3aS9Hss/edit#gid=1205994769,2026-09-17,Quadro por produto; não somar solicitações como produtores únicos. Diverge do cartão geral.
paa,solicitacoes_produto,nao_informado,"BANANA, prata",2,solicitacoes,Campo Grande (MS),municipio,pendente_validacao,PaginaInicial,I68,https://docs.google.com/spreadsheets/d/1UoGr4IXi_aDUZgnWwnfaDpCFZGF8yqBKJDbx3aS9Hss/edit#gid=1205994769,2026-09-17,Quadro por produto; não somar solicitações como produtores únicos. Diverge do cartão geral.
paa,quantidade_produto,nao_informado,BERINJELA,2273.5,kg,Campo Grande (MS),municipio,pendente_validacao,PaginaInicial,E70,https://docs.google.com/spreadsheets/d/1UoGr4IXi_aDUZgnWwnfaDpCFZGF8yqBKJDbx3aS9Hss/edit#gid=1205994769,2026-09-17,Quadro por produto; não somar solicitações como produtores únicos. Diverge do cartão geral.
paa,valor_produto,nao_informado,BERINJELA,15346.13,BRL,Campo Grande (MS),municipio,pendente_validacao,PaginaInicial,G70,https://docs.google.com/spreadsheets/d/1UoGr4IXi_aDUZgnWwnfaDpCFZGF8yqBKJDbx3aS9Hss/edit#gid=1205994769,2026-09-17,Quadro por produto; não somar solicitações como produtores únicos. Diverge do cartão geral.
paa,solicitacoes_produto,nao_informado,BERINJELA,16,solicitacoes,Campo Grande (MS),municipio,pendente_validacao,PaginaInicial,I70,https://docs.google.com/spreadsheets/d/1UoGr4IXi_aDUZgnWwnfaDpCFZGF8yqBKJDbx3aS9Hss/edit#gid=1205994769,2026-09-17,Quadro por produto; não somar solicitações como produtores únicos. Diverge do cartão geral.
paa,quantidade_produto,nao_informado,BETERRABA,50,kg,Campo Grande (MS),municipio,pendente_validacao,PaginaInicial,E71,https://docs.google.com/spreadsheets/d/1UoGr4IXi_aDUZgnWwnfaDpCFZGF8yqBKJDbx3aS9Hss/edit#gid=1205994769,2026-09-17,Quadro por produto; não somar solicitações como produtores únicos. Diverge do cartão geral.
paa,valor_produto,nao_informado,BETERRABA,263,BRL,Campo Grande (MS),municipio,pendente_validacao,PaginaInicial,G71,https://docs.google.com/spreadsheets/d/1UoGr4IXi_aDUZgnWwnfaDpCFZGF8yqBKJDbx3aS9Hss/edit#gid=1205994769,2026-09-17,Quadro por produto; não somar solicitações como produtores únicos. Diverge do cartão geral.
paa,solicitacoes_produto,nao_informado,BETERRABA,1,solicitacoes,Campo Grande (MS),municipio,pendente_validacao,PaginaInicial,I71,https://docs.google.com/spreadsheets/d/1UoGr4IXi_aDUZgnWwnfaDpCFZGF8yqBKJDbx3aS9Hss/edit#gid=1205994769,2026-09-17,Quadro por produto; não somar solicitações como produtores únicos. Diverge do cartão geral.
paa,quantidade_produto,nao_informado,CEBOLINHA,653,kg,Campo Grande (MS),municipio,pendente_validacao,PaginaInicial,E76,https://docs.google.com/spreadsheets/d/1UoGr4IXi_aDUZgnWwnfaDpCFZGF8yqBKJDbx3aS9Hss/edit#gid=1205994769,2026-09-17,Quadro por produto; não somar solicitações como produtores únicos. Diverge do cartão geral.
paa,valor_produto,nao_informado,CEBOLINHA,11042.23,BRL,Campo Grande (MS),municipio,pendente_validacao,PaginaInicial,G76,https://docs.google.com/spreadsheets/d/1UoGr4IXi_aDUZgnWwnfaDpCFZGF8yqBKJDbx3aS9Hss/edit#gid=1205994769,2026-09-17,Quadro por produto; não somar solicitações como produtores únicos. Diverge do cartão geral.
paa,solicitacoes_produto,nao_informado,CEBOLINHA,15,solicitacoes,Campo Grande (MS),municipio,pendente_validacao,PaginaInicial,I76,https://docs.google.com/spreadsheets/d/1UoGr4IXi_aDUZgnWwnfaDpCFZGF8yqBKJDbx3aS9Hss/edit#gid=1205994769,2026-09-17,Quadro por produto; não somar solicitações como produtores únicos. Diverge do cartão geral.
paa,quantidade_produto,nao_informado,CHICÓRIA,142,kg,Campo Grande (MS),municipio,pendente_validacao,PaginaInicial,E78,https://docs.google.com/spreadsheets/d/1UoGr4IXi_aDUZgnWwnfaDpCFZGF8yqBKJDbx3aS9Hss/edit#gid=1205994769,2026-09-17,Quadro por produto; não somar solicitações como produtores únicos. Diverge do cartão geral.
paa,valor_produto,nao_informado,CHICÓRIA,1469.7,BRL,Campo Grande (MS),municipio,pendente_validacao,PaginaInicial,G78,https://docs.google.com/spreadsheets/d/1UoGr4IXi_aDUZgnWwnfaDpCFZGF8yqBKJDbx3aS9Hss/edit#gid=1205994769,2026-09-17,Quadro por produto; não somar solicitações como produtores únicos. Diverge do cartão geral.
paa,solicitacoes_produto,nao_informado,CHICÓRIA,2,solicitacoes,Campo Grande (MS),municipio,pendente_validacao,PaginaInicial,I78,https://docs.google.com/spreadsheets/d/1UoGr4IXi_aDUZgnWwnfaDpCFZGF8yqBKJDbx3aS9Hss/edit#gid=1205994769,2026-09-17,Quadro por produto; não somar solicitações como produtores únicos. Diverge do cartão geral.
paa,quantidade_produto,nao_informado,COENTRO,73,kg,Campo Grande (MS),municipio,pendente_validacao,PaginaInicial,E80,https://docs.google.com/spreadsheets/d/1UoGr4IXi_aDUZgnWwnfaDpCFZGF8yqBKJDbx3aS9Hss/edit#gid=1205994769,2026-09-17,Quadro por produto; não somar solicitações como produtores únicos. Diverge do cartão geral.
paa,valor_produto,nao_informado,COENTRO,1111.79,BRL,Campo Grande (MS),municipio,pendente_validacao,PaginaInicial,G80,https://docs.google.com/spreadsheets/d/1UoGr4IXi_aDUZgnWwnfaDpCFZGF8yqBKJDbx3aS9Hss/edit#gid=1205994769,2026-09-17,Quadro por produto; não somar solicitações como produtores únicos. Diverge do cartão geral.
paa,solicitacoes_produto,nao_informado,COENTRO,3,solicitacoes,Campo Grande (MS),municipio,pendente_validacao,PaginaInicial,I80,https://docs.google.com/spreadsheets/d/1UoGr4IXi_aDUZgnWwnfaDpCFZGF8yqBKJDbx3aS9Hss/edit#gid=1205994769,2026-09-17,Quadro por produto; não somar solicitações como produtores únicos. Diverge do cartão geral.
paa,quantidade_produto,nao_informado,"COUVE, folha",5253.23,kg,Campo Grande (MS),municipio,pendente_validacao,PaginaInicial,E81,https://docs.google.com/spreadsheets/d/1UoGr4IXi_aDUZgnWwnfaDpCFZGF8yqBKJDbx3aS9Hss/edit#gid=1205994769,2026-09-17,Quadro por produto; não somar solicitações como produtores únicos. Diverge do cartão geral.
paa,valor_produto,nao_informado,"COUVE, folha",68817.31,BRL,Campo Grande (MS),municipio,pendente_validacao,PaginaInicial,G81,https://docs.google.com/spreadsheets/d/1UoGr4IXi_aDUZgnWwnfaDpCFZGF8yqBKJDbx3aS9Hss/edit#gid=1205994769,2026-09-17,Quadro por produto; não somar solicitações como produtores únicos. Diverge do cartão geral.
paa,solicitacoes_produto,nao_informado,"COUVE, folha",34,solicitacoes,Campo Grande (MS),municipio,pendente_validacao,PaginaInicial,I81,https://docs.google.com/spreadsheets/d/1UoGr4IXi_aDUZgnWwnfaDpCFZGF8yqBKJDbx3aS9Hss/edit#gid=1205994769,2026-09-17,Quadro por produto; não somar solicitações como produtores únicos. Diverge do cartão geral.
paa,quantidade_produto,nao_informado,JILÓ,14,kg,Campo Grande (MS),municipio,pendente_validacao,PaginaInicial,E86,https://docs.google.com/spreadsheets/d/1UoGr4IXi_aDUZgnWwnfaDpCFZGF8yqBKJDbx3aS9Hss/edit#gid=1205994769,2026-09-17,Quadro por produto; não somar solicitações como produtores únicos. Diverge do cartão geral.
paa,valor_produto,nao_informado,JILÓ,167.58,BRL,Campo Grande (MS),municipio,pendente_validacao,PaginaInicial,G86,https://docs.google.com/spreadsheets/d/1UoGr4IXi_aDUZgnWwnfaDpCFZGF8yqBKJDbx3aS9Hss/edit#gid=1205994769,2026-09-17,Quadro por produto; não somar solicitações como produtores únicos. Diverge do cartão geral.
paa,solicitacoes_produto,nao_informado,JILÓ,2,solicitacoes,Campo Grande (MS),municipio,pendente_validacao,PaginaInicial,I86,https://docs.google.com/spreadsheets/d/1UoGr4IXi_aDUZgnWwnfaDpCFZGF8yqBKJDbx3aS9Hss/edit#gid=1205994769,2026-09-17,Quadro por produto; não somar solicitações como produtores únicos. Diverge do cartão geral.
paa,quantidade_produto,nao_informado,"LARANJA, pêra",163.7,kg,Campo Grande (MS),municipio,pendente_validacao,PaginaInicial,E88,https://docs.google.com/spreadsheets/d/1UoGr4IXi_aDUZgnWwnfaDpCFZGF8yqBKJDbx3aS9Hss/edit#gid=1205994769,2026-09-17,Quadro por produto; não somar solicitações como produtores únicos. Diverge do cartão geral.
paa,valor_produto,nao_informado,"LARANJA, pêra",957.64,BRL,Campo Grande (MS),municipio,pendente_validacao,PaginaInicial,G88,https://docs.google.com/spreadsheets/d/1UoGr4IXi_aDUZgnWwnfaDpCFZGF8yqBKJDbx3aS9Hss/edit#gid=1205994769,2026-09-17,Quadro por produto; não somar solicitações como produtores únicos. Diverge do cartão geral.
paa,solicitacoes_produto,nao_informado,"LARANJA, pêra",1,solicitacoes,Campo Grande (MS),municipio,pendente_validacao,PaginaInicial,I88,https://docs.google.com/spreadsheets/d/1UoGr4IXi_aDUZgnWwnfaDpCFZGF8yqBKJDbx3aS9Hss/edit#gid=1205994769,2026-09-17,Quadro por produto; não somar solicitações como produtores únicos. Diverge do cartão geral.
paa,quantidade_produto,nao_informado,"LIMÃO, rosa",1503.14,kg,Campo Grande (MS),municipio,pendente_validacao,PaginaInicial,E89,https://docs.google.com/spreadsheets/d/1UoGr4IXi_aDUZgnWwnfaDpCFZGF8yqBKJDbx3aS9Hss/edit#gid=1205994769,2026-09-17,Quadro por produto; não somar solicitações como produtores únicos. Diverge do cartão geral.
paa,valor_produto,nao_informado,"LIMÃO, rosa",10672.29,BRL,Campo Grande (MS),municipio,pendente_validacao,PaginaInicial,G89,https://docs.google.com/spreadsheets/d/1UoGr4IXi_aDUZgnWwnfaDpCFZGF8yqBKJDbx3aS9Hss/edit#gid=1205994769,2026-09-17,Quadro por produto; não somar solicitações como produtores únicos. Diverge do cartão geral.
paa,solicitacoes_produto,nao_informado,"LIMÃO, rosa",8,solicitacoes,Campo Grande (MS),municipio,pendente_validacao,PaginaInicial,I89,https://docs.google.com/spreadsheets/d/1UoGr4IXi_aDUZgnWwnfaDpCFZGF8yqBKJDbx3aS9Hss/edit#gid=1205994769,2026-09-17,Quadro por produto; não somar solicitações como produtores únicos. Diverge do cartão geral.
paa,quantidade_produto,nao_informado,"LIMÃO, taiti",3848,kg,Campo Grande (MS),municipio,pendente_validacao,PaginaInicial,E90,https://docs.google.com/spreadsheets/d/1UoGr4IXi_aDUZgnWwnfaDpCFZGF8yqBKJDbx3aS9Hss/edit#gid=1205994769,2026-09-17,Quadro por produto; não somar solicitações como produtores únicos. Diverge do cartão geral.
paa,valor_produto,nao_informado,"LIMÃO, taiti",22549.28,BRL,Campo Grande (MS),municipio,pendente_validacao,PaginaInicial,G90,https://docs.google.com/spreadsheets/d/1UoGr4IXi_aDUZgnWwnfaDpCFZGF8yqBKJDbx3aS9Hss/edit#gid=1205994769,2026-09-17,Quadro por produto; não somar solicitações como produtores únicos. Diverge do cartão geral.
paa,solicitacoes_produto,nao_informado,"LIMÃO, taiti",15,solicitacoes,Campo Grande (MS),municipio,pendente_validacao,PaginaInicial,I90,https://docs.google.com/spreadsheets/d/1UoGr4IXi_aDUZgnWwnfaDpCFZGF8yqBKJDbx3aS9Hss/edit#gid=1205994769,2026-09-17,Quadro por produto; não somar solicitações como produtores únicos. Diverge do cartão geral.
paa,quantidade_produto,nao_informado,"MAMÃO, formosa",170,kg,Campo Grande (MS),municipio,pendente_validacao,PaginaInicial,E91,https://docs.google.com/spreadsheets/d/1UoGr4IXi_aDUZgnWwnfaDpCFZGF8yqBKJDbx3aS9Hss/edit#gid=1205994769,2026-09-17,Quadro por produto; não somar solicitações como produtores únicos. Diverge do cartão geral.
paa,valor_produto,nao_informado,"MAMÃO, formosa",1489.2,BRL,Campo Grande (MS),municipio,pendente_validacao,PaginaInicial,G91,https://docs.google.com/spreadsheets/d/1UoGr4IXi_aDUZgnWwnfaDpCFZGF8yqBKJDbx3aS9Hss/edit#gid=1205994769,2026-09-17,Quadro por produto; não somar solicitações como produtores únicos. Diverge do cartão geral.
paa,solicitacoes_produto,nao_informado,"MAMÃO, formosa",2,solicitacoes,Campo Grande (MS),municipio,pendente_validacao,PaginaInicial,I91,https://docs.google.com/spreadsheets/d/1UoGr4IXi_aDUZgnWwnfaDpCFZGF8yqBKJDbx3aS9Hss/edit#gid=1205994769,2026-09-17,Quadro por produto; não somar solicitações como produtores únicos. Diverge do cartão geral.
paa,quantidade_produto,nao_informado,MANDIOCA,15551.22,kg,Campo Grande (MS),municipio,pendente_validacao,PaginaInicial,E93,https://docs.google.com/spreadsheets/d/1UoGr4IXi_aDUZgnWwnfaDpCFZGF8yqBKJDbx3aS9Hss/edit#gid=1205994769,2026-09-17,Quadro por produto; não somar solicitações como produtores únicos. Diverge do cartão geral.
paa,valor_produto,nao_informado,MANDIOCA,76512,BRL,Campo Grande (MS),municipio,pendente_validacao,PaginaInicial,G93,https://docs.google.com/spreadsheets/d/1UoGr4IXi_aDUZgnWwnfaDpCFZGF8yqBKJDbx3aS9Hss/edit#gid=1205994769,2026-09-17,Quadro por produto; não somar solicitações como produtores únicos. Diverge do cartão geral.
paa,solicitacoes_produto,nao_informado,MANDIOCA,19,solicitacoes,Campo Grande (MS),municipio,pendente_validacao,PaginaInicial,I93,https://docs.google.com/spreadsheets/d/1UoGr4IXi_aDUZgnWwnfaDpCFZGF8yqBKJDbx3aS9Hss/edit#gid=1205994769,2026-09-17,Quadro por produto; não somar solicitações como produtores únicos. Diverge do cartão geral.
paa,quantidade_produto,nao_informado,MANGA,100,kg,Campo Grande (MS),municipio,pendente_validacao,PaginaInicial,E94,https://docs.google.com/spreadsheets/d/1UoGr4IXi_aDUZgnWwnfaDpCFZGF8yqBKJDbx3aS9Hss/edit#gid=1205994769,2026-09-17,Quadro por produto; não somar solicitações como produtores únicos. Diverge do cartão geral.
paa,valor_produto,nao_informado,MANGA,761,BRL,Campo Grande (MS),municipio,pendente_validacao,PaginaInicial,G94,https://docs.google.com/spreadsheets/d/1UoGr4IXi_aDUZgnWwnfaDpCFZGF8yqBKJDbx3aS9Hss/edit#gid=1205994769,2026-09-17,Quadro por produto; não somar solicitações como produtores únicos. Diverge do cartão geral.
paa,solicitacoes_produto,nao_informado,MANGA,1,solicitacoes,Campo Grande (MS),municipio,pendente_validacao,PaginaInicial,I94,https://docs.google.com/spreadsheets/d/1UoGr4IXi_aDUZgnWwnfaDpCFZGF8yqBKJDbx3aS9Hss/edit#gid=1205994769,2026-09-17,Quadro por produto; não somar solicitações como produtores únicos. Diverge do cartão geral.
paa,quantidade_produto,nao_informado,MAXIXE,133,kg,Campo Grande (MS),municipio,pendente_validacao,PaginaInicial,E96,https://docs.google.com/spreadsheets/d/1UoGr4IXi_aDUZgnWwnfaDpCFZGF8yqBKJDbx3aS9Hss/edit#gid=1205994769,2026-09-17,Quadro por produto; não somar solicitações como produtores únicos. Diverge do cartão geral.
paa,valor_produto,nao_informado,MAXIXE,1407.14,BRL,Campo Grande (MS),municipio,pendente_validacao,PaginaInicial,G96,https://docs.google.com/spreadsheets/d/1UoGr4IXi_aDUZgnWwnfaDpCFZGF8yqBKJDbx3aS9Hss/edit#gid=1205994769,2026-09-17,Quadro por produto; não somar solicitações como produtores únicos. Diverge do cartão geral.
paa,solicitacoes_produto,nao_informado,MAXIXE,4,solicitacoes,Campo Grande (MS),municipio,pendente_validacao,PaginaInicial,I96,https://docs.google.com/spreadsheets/d/1UoGr4IXi_aDUZgnWwnfaDpCFZGF8yqBKJDbx3aS9Hss/edit#gid=1205994769,2026-09-17,Quadro por produto; não somar solicitações como produtores únicos. Diverge do cartão geral.
paa,quantidade_produto,nao_informado,MELANCIA,1366.9,kg,Campo Grande (MS),municipio,pendente_validacao,PaginaInicial,E97,https://docs.google.com/spreadsheets/d/1UoGr4IXi_aDUZgnWwnfaDpCFZGF8yqBKJDbx3aS9Hss/edit#gid=1205994769,2026-09-17,Quadro por produto; não somar solicitações como produtores únicos. Diverge do cartão geral.
paa,valor_produto,nao_informado,MELANCIA,4128.04,BRL,Campo Grande (MS),municipio,pendente_validacao,PaginaInicial,G97,https://docs.google.com/spreadsheets/d/1UoGr4IXi_aDUZgnWwnfaDpCFZGF8yqBKJDbx3aS9Hss/edit#gid=1205994769,2026-09-17,Quadro por produto; não somar solicitações como produtores únicos. Diverge do cartão geral.
paa,solicitacoes_produto,nao_informado,MELANCIA,2,solicitacoes,Campo Grande (MS),municipio,pendente_validacao,PaginaInicial,I97,https://docs.google.com/spreadsheets/d/1UoGr4IXi_aDUZgnWwnfaDpCFZGF8yqBKJDbx3aS9Hss/edit#gid=1205994769,2026-09-17,Quadro por produto; não somar solicitações como produtores únicos. Diverge do cartão geral.
paa,quantidade_produto,nao_informado,MILHO VERDE,5819.13,kg,Campo Grande (MS),municipio,pendente_validacao,PaginaInicial,E99,https://docs.google.com/spreadsheets/d/1UoGr4IXi_aDUZgnWwnfaDpCFZGF8yqBKJDbx3aS9Hss/edit#gid=1205994769,2026-09-17,Quadro por produto; não somar solicitações como produtores únicos. Diverge do cartão geral.
paa,valor_produto,nao_informado,MILHO VERDE,62846.6,BRL,Campo Grande (MS),municipio,pendente_validacao,PaginaInicial,G99,https://docs.google.com/spreadsheets/d/1UoGr4IXi_aDUZgnWwnfaDpCFZGF8yqBKJDbx3aS9Hss/edit#gid=1205994769,2026-09-17,Quadro por produto; não somar solicitações como produtores únicos. Diverge do cartão geral.
paa,solicitacoes_produto,nao_informado,MILHO VERDE,16,solicitacoes,Campo Grande (MS),municipio,pendente_validacao,PaginaInicial,I99,https://docs.google.com/spreadsheets/d/1UoGr4IXi_aDUZgnWwnfaDpCFZGF8yqBKJDbx3aS9Hss/edit#gid=1205994769,2026-09-17,Quadro por produto; não somar solicitações como produtores únicos. Diverge do cartão geral.
paa,quantidade_produto,nao_informado,PEPINO,397.8,kg,Campo Grande (MS),municipio,pendente_validacao,PaginaInicial,E100,https://docs.google.com/spreadsheets/d/1UoGr4IXi_aDUZgnWwnfaDpCFZGF8yqBKJDbx3aS9Hss/edit#gid=1205994769,2026-09-17,Quadro por produto; não somar solicitações como produtores únicos. Diverge do cartão geral.
paa,valor_produto,nao_informado,PEPINO,2776.64,BRL,Campo Grande (MS),municipio,pendente_validacao,PaginaInicial,G100,https://docs.google.com/spreadsheets/d/1UoGr4IXi_aDUZgnWwnfaDpCFZGF8yqBKJDbx3aS9Hss/edit#gid=1205994769,2026-09-17,Quadro por produto; não somar solicitações como produtores únicos. Diverge do cartão geral.
paa,solicitacoes_produto,nao_informado,PEPINO,4,solicitacoes,Campo Grande (MS),municipio,pendente_validacao,PaginaInicial,I100,https://docs.google.com/spreadsheets/d/1UoGr4IXi_aDUZgnWwnfaDpCFZGF8yqBKJDbx3aS9Hss/edit#gid=1205994769,2026-09-17,Quadro por produto; não somar solicitações como produtores únicos. Diverge do cartão geral.
paa,quantidade_produto,nao_informado,"PIMENTÃO, verde",157,kg,Campo Grande (MS),municipio,pendente_validacao,PaginaInicial,E101,https://docs.google.com/spreadsheets/d/1UoGr4IXi_aDUZgnWwnfaDpCFZGF8yqBKJDbx3aS9Hss/edit#gid=1205994769,2026-09-17,Quadro por produto; não somar solicitações como produtores únicos. Diverge do cartão geral.
paa,valor_produto,nao_informado,"PIMENTÃO, verde",1483.65,BRL,Campo Grande (MS),municipio,pendente_validacao,PaginaInicial,G101,https://docs.google.com/spreadsheets/d/1UoGr4IXi_aDUZgnWwnfaDpCFZGF8yqBKJDbx3aS9Hss/edit#gid=1205994769,2026-09-17,Quadro por produto; não somar solicitações como produtores únicos. Diverge do cartão geral.
paa,solicitacoes_produto,nao_informado,"PIMENTÃO, verde",3,solicitacoes,Campo Grande (MS),municipio,pendente_validacao,PaginaInicial,I101,https://docs.google.com/spreadsheets/d/1UoGr4IXi_aDUZgnWwnfaDpCFZGF8yqBKJDbx3aS9Hss/edit#gid=1205994769,2026-09-17,Quadro por produto; não somar solicitações como produtores únicos. Diverge do cartão geral.
paa,quantidade_produto,nao_informado,QUIABO,448,kg,Campo Grande (MS),municipio,pendente_validacao,PaginaInicial,E102,https://docs.google.com/spreadsheets/d/1UoGr4IXi_aDUZgnWwnfaDpCFZGF8yqBKJDbx3aS9Hss/edit#gid=1205994769,2026-09-17,Quadro por produto; não somar solicitações como produtores únicos. Diverge do cartão geral.
paa,valor_produto,nao_informado,QUIABO,6119.68,BRL,Campo Grande (MS),municipio,pendente_validacao,PaginaInicial,G102,https://docs.google.com/spreadsheets/d/1UoGr4IXi_aDUZgnWwnfaDpCFZGF8yqBKJDbx3aS9Hss/edit#gid=1205994769,2026-09-17,Quadro por produto; não somar solicitações como produtores únicos. Diverge do cartão geral.
paa,solicitacoes_produto,nao_informado,QUIABO,5,solicitacoes,Campo Grande (MS),municipio,pendente_validacao,PaginaInicial,I102,https://docs.google.com/spreadsheets/d/1UoGr4IXi_aDUZgnWwnfaDpCFZGF8yqBKJDbx3aS9Hss/edit#gid=1205994769,2026-09-17,Quadro por produto; não somar solicitações como produtores únicos. Diverge do cartão geral.
paa,quantidade_produto,nao_informado,RABANETE,49,kg,Campo Grande (MS),municipio,pendente_validacao,PaginaInicial,E103,https://docs.google.com/spreadsheets/d/1UoGr4IXi_aDUZgnWwnfaDpCFZGF8yqBKJDbx3aS9Hss/edit#gid=1205994769,2026-09-17,Quadro por produto; não somar solicitações como produtores únicos. Diverge do cartão geral.
paa,valor_produto,nao_informado,RABANETE,516.95,BRL,Campo Grande (MS),municipio,pendente_validacao,PaginaInicial,G103,https://docs.google.com/spreadsheets/d/1UoGr4IXi_aDUZgnWwnfaDpCFZGF8yqBKJDbx3aS9Hss/edit#gid=1205994769,2026-09-17,Quadro por produto; não somar solicitações como produtores únicos. Diverge do cartão geral.
paa,solicitacoes_produto,nao_informado,RABANETE,1,solicitacoes,Campo Grande (MS),municipio,pendente_validacao,PaginaInicial,I103,https://docs.google.com/spreadsheets/d/1UoGr4IXi_aDUZgnWwnfaDpCFZGF8yqBKJDbx3aS9Hss/edit#gid=1205994769,2026-09-17,Quadro por produto; não somar solicitações como produtores únicos. Diverge do cartão geral.
paa,quantidade_produto,nao_informado,"REPOLHO, verde",91,kg,Campo Grande (MS),municipio,pendente_validacao,PaginaInicial,E105,https://docs.google.com/spreadsheets/d/1UoGr4IXi_aDUZgnWwnfaDpCFZGF8yqBKJDbx3aS9Hss/edit#gid=1205994769,2026-09-17,Quadro por produto; não somar solicitações como produtores únicos. Diverge do cartão geral.
paa,valor_produto,nao_informado,"REPOLHO, verde",337.61,BRL,Campo Grande (MS),municipio,pendente_validacao,PaginaInicial,G105,https://docs.google.com/spreadsheets/d/1UoGr4IXi_aDUZgnWwnfaDpCFZGF8yqBKJDbx3aS9Hss/edit#gid=1205994769,2026-09-17,Quadro por produto; não somar solicitações como produtores únicos. Diverge do cartão geral.
paa,solicitacoes_produto,nao_informado,"REPOLHO, verde",1,solicitacoes,Campo Grande (MS),municipio,pendente_validacao,PaginaInicial,I105,https://docs.google.com/spreadsheets/d/1UoGr4IXi_aDUZgnWwnfaDpCFZGF8yqBKJDbx3aS9Hss/edit#gid=1205994769,2026-09-17,Quadro por produto; não somar solicitações como produtores únicos. Diverge do cartão geral.
paa,quantidade_produto,nao_informado,RÚCULA,333,kg,Campo Grande (MS),municipio,pendente_validacao,PaginaInicial,E106,https://docs.google.com/spreadsheets/d/1UoGr4IXi_aDUZgnWwnfaDpCFZGF8yqBKJDbx3aS9Hss/edit#gid=1205994769,2026-09-17,Quadro por produto; não somar solicitações como produtores únicos. Diverge do cartão geral.
paa,valor_produto,nao_informado,RÚCULA,6440.22,BRL,Campo Grande (MS),municipio,pendente_validacao,PaginaInicial,G106,https://docs.google.com/spreadsheets/d/1UoGr4IXi_aDUZgnWwnfaDpCFZGF8yqBKJDbx3aS9Hss/edit#gid=1205994769,2026-09-17,Quadro por produto; não somar solicitações como produtores únicos. Diverge do cartão geral.
paa,solicitacoes_produto,nao_informado,RÚCULA,3,solicitacoes,Campo Grande (MS),municipio,pendente_validacao,PaginaInicial,I106,https://docs.google.com/spreadsheets/d/1UoGr4IXi_aDUZgnWwnfaDpCFZGF8yqBKJDbx3aS9Hss/edit#gid=1205994769,2026-09-17,Quadro por produto; não somar solicitações como produtores únicos. Diverge do cartão geral.
paa,quantidade_produto,nao_informado,SALSA,401.2,kg,Campo Grande (MS),municipio,pendente_validacao,PaginaInicial,E107,https://docs.google.com/spreadsheets/d/1UoGr4IXi_aDUZgnWwnfaDpCFZGF8yqBKJDbx3aS9Hss/edit#gid=1205994769,2026-09-17,Quadro por produto; não somar solicitações como produtores únicos. Diverge do cartão geral.
paa,valor_produto,nao_informado,SALSA,7614.78,BRL,Campo Grande (MS),municipio,pendente_validacao,PaginaInicial,G107,https://docs.google.com/spreadsheets/d/1UoGr4IXi_aDUZgnWwnfaDpCFZGF8yqBKJDbx3aS9Hss/edit#gid=1205994769,2026-09-17,Quadro por produto; não somar solicitações como produtores únicos. Diverge do cartão geral.
paa,solicitacoes_produto,nao_informado,SALSA,9,solicitacoes,Campo Grande (MS),municipio,pendente_validacao,PaginaInicial,I107,https://docs.google.com/spreadsheets/d/1UoGr4IXi_aDUZgnWwnfaDpCFZGF8yqBKJDbx3aS9Hss/edit#gid=1205994769,2026-09-17,Quadro por produto; não somar solicitações como produtores únicos. Diverge do cartão geral.
paa,quantidade_produto,nao_informado,"TOMATE, cereja",1241.5,kg,Campo Grande (MS),municipio,pendente_validacao,PaginaInicial,E109,https://docs.google.com/spreadsheets/d/1UoGr4IXi_aDUZgnWwnfaDpCFZGF8yqBKJDbx3aS9Hss/edit#gid=1205994769,2026-09-17,Quadro por produto; não somar solicitações como produtores únicos. Diverge do cartão geral.
paa,valor_produto,nao_informado,"TOMATE, cereja",25674.22,BRL,Campo Grande (MS),municipio,pendente_validacao,PaginaInicial,G109,https://docs.google.com/spreadsheets/d/1UoGr4IXi_aDUZgnWwnfaDpCFZGF8yqBKJDbx3aS9Hss/edit#gid=1205994769,2026-09-17,Quadro por produto; não somar solicitações como produtores únicos. Diverge do cartão geral.
paa,solicitacoes_produto,nao_informado,"TOMATE, cereja",14,solicitacoes,Campo Grande (MS),municipio,pendente_validacao,PaginaInicial,I109,https://docs.google.com/spreadsheets/d/1UoGr4IXi_aDUZgnWwnfaDpCFZGF8yqBKJDbx3aS9Hss/edit#gid=1205994769,2026-09-17,Quadro por produto; não somar solicitações como produtores únicos. Diverge do cartão geral.
paa,quantidade_produto,nao_informado,VAGEM,213.2,kg,Campo Grande (MS),municipio,pendente_validacao,PaginaInicial,E111,https://docs.google.com/spreadsheets/d/1UoGr4IXi_aDUZgnWwnfaDpCFZGF8yqBKJDbx3aS9Hss/edit#gid=1205994769,2026-09-17,Quadro por produto; não somar solicitações como produtores únicos. Diverge do cartão geral.
paa,valor_produto,nao_informado,VAGEM,3767.24,BRL,Campo Grande (MS),municipio,pendente_validacao,PaginaInicial,G111,https://docs.google.com/spreadsheets/d/1UoGr4IXi_aDUZgnWwnfaDpCFZGF8yqBKJDbx3aS9Hss/edit#gid=1205994769,2026-09-17,Quadro por produto; não somar solicitações como produtores únicos. Diverge do cartão geral.
paa,solicitacoes_produto,nao_informado,VAGEM,2,solicitacoes,Campo Grande (MS),municipio,pendente_validacao,PaginaInicial,I111,https://docs.google.com/spreadsheets/d/1UoGr4IXi_aDUZgnWwnfaDpCFZGF8yqBKJDbx3aS9Hss/edit#gid=1205994769,2026-09-17,Quadro por produto; não somar solicitações como produtores únicos. Diverge do cartão geral.
paa,quantidade_produto,nao_informado,RAPADURA PURA DE CANA,100,kg,Campo Grande (MS),municipio,pendente_validacao,PaginaInicial,E122,https://docs.google.com/spreadsheets/d/1UoGr4IXi_aDUZgnWwnfaDpCFZGF8yqBKJDbx3aS9Hss/edit#gid=1205994769,2026-09-17,Quadro por produto; não somar solicitações como produtores únicos. Diverge do cartão geral.
paa,valor_produto,nao_informado,RAPADURA PURA DE CANA,2218,BRL,Campo Grande (MS),municipio,pendente_validacao,PaginaInicial,G122,https://docs.google.com/spreadsheets/d/1UoGr4IXi_aDUZgnWwnfaDpCFZGF8yqBKJDbx3aS9Hss/edit#gid=1205994769,2026-09-17,Quadro por produto; não somar solicitações como produtores únicos. Diverge do cartão geral.
paa,solicitacoes_produto,nao_informado,RAPADURA PURA DE CANA,2,solicitacoes,Campo Grande (MS),municipio,pendente_validacao,PaginaInicial,I122,https://docs.google.com/spreadsheets/d/1UoGr4IXi_aDUZgnWwnfaDpCFZGF8yqBKJDbx3aS9Hss/edit#gid=1205994769,2026-09-17,Quadro por produto; não somar solicitações como produtores únicos. Diverge do cartão geral.
paa,quantidade_produtos_somada,nao_informado,Total,59354.42,kg,Campo Grande (MS),municipio,pendente_validacao,PaginaInicial,E57:E122,https://docs.google.com/spreadsheets/d/1UoGr4IXi_aDUZgnWwnfaDpCFZGF8yqBKJDbx3aS9Hss/edit#gid=1205994769,2026-09-17,"Difere 7,20 kg do cartão de quantidade entregue."
paa,valor_produtos_somado,nao_informado,Total,496031.54,BRL,Campo Grande (MS),municipio,pendente_validacao,PaginaInicial,G57:G122,https://docs.google.com/spreadsheets/d/1UoGr4IXi_aDUZgnWwnfaDpCFZGF8yqBKJDbx3aS9Hss/edit#gid=1205994769,2026-09-17,"Difere R$ 1.729,59 do cartão de valor pago."
paa,projetos_por_comunidade,nao_informado,Assafi,2,projetos,Campo Grande (MS),municipio,pendente_validacao,PaginaInicial,C127:D127,https://docs.google.com/spreadsheets/d/1UoGr4IXi_aDUZgnWwnfaDpCFZGF8yqBKJDbx3aS9Hss/edit#gid=1205994769,2026-09-17,Soma por comunidade é 79; a lista da página mostra projetos PJ001 a PJ080. Revisar projeto sem comunidade.
paa,projetos_por_comunidade,nao_informado,Chácara Alvorada,1,projetos,Campo Grande (MS),municipio,pendente_validacao,PaginaInicial,C128:D128,https://docs.google.com/spreadsheets/d/1UoGr4IXi_aDUZgnWwnfaDpCFZGF8yqBKJDbx3aS9Hss/edit#gid=1205994769,2026-09-17,Soma por comunidade é 79; a lista da página mostra projetos PJ001 a PJ080. Revisar projeto sem comunidade.
paa,projetos_por_comunidade,nao_informado,Chácara das Mansões,1,projetos,Campo Grande (MS),municipio,pendente_validacao,PaginaInicial,C129:D129,https://docs.google.com/spreadsheets/d/1UoGr4IXi_aDUZgnWwnfaDpCFZGF8yqBKJDbx3aS9Hss/edit#gid=1205994769,2026-09-17,Soma por comunidade é 79; a lista da página mostra projetos PJ001 a PJ080. Revisar projeto sem comunidade.
paa,projetos_por_comunidade,nao_informado,Conquista,20,projetos,Campo Grande (MS),municipio,pendente_validacao,PaginaInicial,C130:D130,https://docs.google.com/spreadsheets/d/1UoGr4IXi_aDUZgnWwnfaDpCFZGF8yqBKJDbx3aS9Hss/edit#gid=1205994769,2026-09-17,Soma por comunidade é 79; a lista da página mostra projetos PJ001 a PJ080. Revisar projeto sem comunidade.
paa,projetos_por_comunidade,nao_informado,Estrela CG,2,projetos,Campo Grande (MS),municipio,pendente_validacao,PaginaInicial,C131:D131,https://docs.google.com/spreadsheets/d/1UoGr4IXi_aDUZgnWwnfaDpCFZGF8yqBKJDbx3aS9Hss/edit#gid=1205994769,2026-09-17,Soma por comunidade é 79; a lista da página mostra projetos PJ001 a PJ080. Revisar projeto sem comunidade.
paa,projetos_por_comunidade,nao_informado,Gameleira,1,projetos,Campo Grande (MS),municipio,pendente_validacao,PaginaInicial,C132:D132,https://docs.google.com/spreadsheets/d/1UoGr4IXi_aDUZgnWwnfaDpCFZGF8yqBKJDbx3aS9Hss/edit#gid=1205994769,2026-09-17,Soma por comunidade é 79; a lista da página mostra projetos PJ001 a PJ080. Revisar projeto sem comunidade.
paa,projetos_por_comunidade,nao_informado,Nova Era,2,projetos,Campo Grande (MS),municipio,pendente_validacao,PaginaInicial,C133:D133,https://docs.google.com/spreadsheets/d/1UoGr4IXi_aDUZgnWwnfaDpCFZGF8yqBKJDbx3aS9Hss/edit#gid=1205994769,2026-09-17,Soma por comunidade é 79; a lista da página mostra projetos PJ001 a PJ080. Revisar projeto sem comunidade.
paa,projetos_por_comunidade,nao_informado,Polo Empresarial,1,projetos,Campo Grande (MS),municipio,pendente_validacao,PaginaInicial,C134:D134,https://docs.google.com/spreadsheets/d/1UoGr4IXi_aDUZgnWwnfaDpCFZGF8yqBKJDbx3aS9Hss/edit#gid=1205994769,2026-09-17,Soma por comunidade é 79; a lista da página mostra projetos PJ001 a PJ080. Revisar projeto sem comunidade.
paa,projetos_por_comunidade,nao_informado,Quilombola,36,projetos,Campo Grande (MS),municipio,pendente_validacao,PaginaInicial,C135:D135,https://docs.google.com/spreadsheets/d/1UoGr4IXi_aDUZgnWwnfaDpCFZGF8yqBKJDbx3aS9Hss/edit#gid=1205994769,2026-09-17,Soma por comunidade é 79; a lista da página mostra projetos PJ001 a PJ080. Revisar projeto sem comunidade.
paa,projetos_por_comunidade,nao_informado,Sucuri,6,projetos,Campo Grande (MS),municipio,pendente_validacao,PaginaInicial,C136:D136,https://docs.google.com/spreadsheets/d/1UoGr4IXi_aDUZgnWwnfaDpCFZGF8yqBKJDbx3aS9Hss/edit#gid=1205994769,2026-09-17,Soma por comunidade é 79; a lista da página mostra projetos PJ001 a PJ080. Revisar projeto sem comunidade.
paa,projetos_por_comunidade,nao_informado,Três Corações,6,projetos,Campo Grande (MS),municipio,pendente_validacao,PaginaInicial,C137:D137,https://docs.google.com/spreadsheets/d/1UoGr4IXi_aDUZgnWwnfaDpCFZGF8yqBKJDbx3aS9Hss/edit#gid=1205994769,2026-09-17,Soma por comunidade é 79; a lista da página mostra projetos PJ001 a PJ080. Revisar projeto sem comunidade.
paa,projetos_por_comunidade,nao_informado,Vale do Sol,1,projetos,Campo Grande (MS),municipio,pendente_validacao,PaginaInicial,C138:D138,https://docs.google.com/spreadsheets/d/1UoGr4IXi_aDUZgnWwnfaDpCFZGF8yqBKJDbx3aS9Hss/edit#gid=1205994769,2026-09-17,Soma por comunidade é 79; a lista da página mostra projetos PJ001 a PJ080. Revisar projeto sem comunidade.
