tema,indicador,periodo,categoria,codigo_categoria,valor,unidade,territorio,codigo_territorio,nivel_geografico,situacao_periodo,fonte,fonte_url,data_extracao,observacao
pecuaria,efetivo_rebanho,2019,Bovinos,2670,501175,cabecas,Campo Grande (MS),5002704,municipio,ano_completo,IBGE PPM tabela 3939,"https://servicodados.ibge.gov.br/api/v3/agregados/3939/periodos/2019%7C2020%7C2021%7C2022%7C2023%7C2024/variaveis/105?localidades=N6%5B5002704%5D&classificacao=79%5B2670,32794,2681,2677,32796%5D",2026-09-17,
pecuaria,efetivo_rebanho,2020,Bovinos,2670,488430,cabecas,Campo Grande (MS),5002704,municipio,ano_completo,IBGE PPM tabela 3939,"https://servicodados.ibge.gov.br/api/v3/agregados/3939/periodos/2019%7C2020%7C2021%7C2022%7C2023%7C2024/variaveis/105?localidades=N6%5B5002704%5D&classificacao=79%5B2670,32794,2681,2677,32796%5D",2026-09-17,
pecuaria,efetivo_rebanho,2021,Bovinos,2670,448435,cabecas,Campo Grande (MS),5002704,municipio,ano_completo,IBGE PPM tabela 3939,"https://servicodados.ibge.gov.br/api/v3/agregados/3939/periodos/2019%7C2020%7C2021%7C2022%7C2023%7C2024/variaveis/105?localidades=N6%5B5002704%5D&classificacao=79%5B2670,32794,2681,2677,32796%5D",2026-09-17,
pecuaria,efetivo_rebanho,2022,Bovinos,2670,415630,cabecas,Campo Grande (MS),5002704,municipio,ano_completo,IBGE PPM tabela 3939,"https://servicodados.ibge.gov.br/api/v3/agregados/3939/periodos/2019%7C2020%7C2021%7C2022%7C2023%7C2024/variaveis/105?localidades=N6%5B5002704%5D&classificacao=79%5B2670,32794,2681,2677,32796%5D",2026-09-17,
pecuaria,efetivo_rebanho,2023,Bovinos,2670,428639,cabecas,Campo Grande (MS),5002704,municipio,ano_completo,IBGE PPM tabela 3939,"https://servicodados.ibge.gov.br/api/v3/agregados/3939/periodos/2019%7C2020%7C2021%7C2022%7C2023%7C2024/variaveis/105?localidades=N6%5B5002704%5D&classificacao=79%5B2670,32794,2681,2677,32796%5D",2026-09-17,
pecuaria,efetivo_rebanho,2024,Bovinos,2670,427468,cabecas,Campo Grande (MS),5002704,municipio,ano_completo,IBGE PPM tabela 3939,"https://servicodados.ibge.gov.br/api/v3/agregados/3939/periodos/2019%7C2020%7C2021%7C2022%7C2023%7C2024/variaveis/105?localidades=N6%5B5002704%5D&classificacao=79%5B2670,32794,2681,2677,32796%5D",2026-09-17,
pecuaria,efetivo_rebanho,2019,Suínos,32794,45373,cabecas,Campo Grande (MS),5002704,municipio,ano_completo,IBGE PPM tabela 3939,"https://servicodados.ibge.gov.br/api/v3/agregados/3939/periodos/2019%7C2020%7C2021%7C2022%7C2023%7C2024/variaveis/105?localidades=N6%5B5002704%5D&classificacao=79%5B2670,32794,2681,2677,32796%5D",2026-09-17,
pecuaria,efetivo_rebanho,2020,Suínos,32794,53540,cabecas,Campo Grande (MS),5002704,municipio,ano_completo,IBGE PPM tabela 3939,"https://servicodados.ibge.gov.br/api/v3/agregados/3939/periodos/2019%7C2020%7C2021%7C2022%7C2023%7C2024/variaveis/105?localidades=N6%5B5002704%5D&classificacao=79%5B2670,32794,2681,2677,32796%5D",2026-09-17,
pecuaria,efetivo_rebanho,2021,Suínos,32794,63713,cabecas,Campo Grande (MS),5002704,municipio,ano_completo,IBGE PPM tabela 3939,"https://servicodados.ibge.gov.br/api/v3/agregados/3939/periodos/2019%7C2020%7C2021%7C2022%7C2023%7C2024/variaveis/105?localidades=N6%5B5002704%5D&classificacao=79%5B2670,32794,2681,2677,32796%5D",2026-09-17,
pecuaria,efetivo_rebanho,2022,Suínos,32794,58490,cabecas,Campo Grande (MS),5002704,municipio,ano_completo,IBGE PPM tabela 3939,"https://servicodados.ibge.gov.br/api/v3/agregados/3939/periodos/2019%7C2020%7C2021%7C2022%7C2023%7C2024/variaveis/105?localidades=N6%5B5002704%5D&classificacao=79%5B2670,32794,2681,2677,32796%5D",2026-09-17,
pecuaria,efetivo_rebanho,2023,Suínos,32794,48445,cabecas,Campo Grande (MS),5002704,municipio,ano_completo,IBGE PPM tabela 3939,"https://servicodados.ibge.gov.br/api/v3/agregados/3939/periodos/2019%7C2020%7C2021%7C2022%7C2023%7C2024/variaveis/105?localidades=N6%5B5002704%5D&classificacao=79%5B2670,32794,2681,2677,32796%5D",2026-09-17,
pecuaria,efetivo_rebanho,2024,Suínos,32794,62979,cabecas,Campo Grande (MS),5002704,municipio,ano_completo,IBGE PPM tabela 3939,"https://servicodados.ibge.gov.br/api/v3/agregados/3939/periodos/2019%7C2020%7C2021%7C2022%7C2023%7C2024/variaveis/105?localidades=N6%5B5002704%5D&classificacao=79%5B2670,32794,2681,2677,32796%5D",2026-09-17,
pecuaria,efetivo_rebanho,2019,Caprinos,2681,765,cabecas,Campo Grande (MS),5002704,municipio,ano_completo,IBGE PPM tabela 3939,"https://servicodados.ibge.gov.br/api/v3/agregados/3939/periodos/2019%7C2020%7C2021%7C2022%7C2023%7C2024/variaveis/105?localidades=N6%5B5002704%5D&classificacao=79%5B2670,32794,2681,2677,32796%5D",2026-09-17,
pecuaria,efetivo_rebanho,2020,Caprinos,2681,771,cabecas,Campo Grande (MS),5002704,municipio,ano_completo,IBGE PPM tabela 3939,"https://servicodados.ibge.gov.br/api/v3/agregados/3939/periodos/2019%7C2020%7C2021%7C2022%7C2023%7C2024/variaveis/105?localidades=N6%5B5002704%5D&classificacao=79%5B2670,32794,2681,2677,32796%5D",2026-09-17,
pecuaria,efetivo_rebanho,2021,Caprinos,2681,780,cabecas,Campo Grande (MS),5002704,municipio,ano_completo,IBGE PPM tabela 3939,"https://servicodados.ibge.gov.br/api/v3/agregados/3939/periodos/2019%7C2020%7C2021%7C2022%7C2023%7C2024/variaveis/105?localidades=N6%5B5002704%5D&classificacao=79%5B2670,32794,2681,2677,32796%5D",2026-09-17,
pecuaria,efetivo_rebanho,2022,Caprinos,2681,699,cabecas,Campo Grande (MS),5002704,municipio,ano_completo,IBGE PPM tabela 3939,"https://servicodados.ibge.gov.br/api/v3/agregados/3939/periodos/2019%7C2020%7C2021%7C2022%7C2023%7C2024/variaveis/105?localidades=N6%5B5002704%5D&classificacao=79%5B2670,32794,2681,2677,32796%5D",2026-09-17,
pecuaria,efetivo_rebanho,2023,Caprinos,2681,566,cabecas,Campo Grande (MS),5002704,municipio,ano_completo,IBGE PPM tabela 3939,"https://servicodados.ibge.gov.br/api/v3/agregados/3939/periodos/2019%7C2020%7C2021%7C2022%7C2023%7C2024/variaveis/105?localidades=N6%5B5002704%5D&classificacao=79%5B2670,32794,2681,2677,32796%5D",2026-09-17,
pecuaria,efetivo_rebanho,2024,Caprinos,2681,459,cabecas,Campo Grande (MS),5002704,municipio,ano_completo,IBGE PPM tabela 3939,"https://servicodados.ibge.gov.br/api/v3/agregados/3939/periodos/2019%7C2020%7C2021%7C2022%7C2023%7C2024/variaveis/105?localidades=N6%5B5002704%5D&classificacao=79%5B2670,32794,2681,2677,32796%5D",2026-09-17,
pecuaria,efetivo_rebanho,2019,Ovinos,2677,14896,cabecas,Campo Grande (MS),5002704,municipio,ano_completo,IBGE PPM tabela 3939,"https://servicodados.ibge.gov.br/api/v3/agregados/3939/periodos/2019%7C2020%7C2021%7C2022%7C2023%7C2024/variaveis/105?localidades=N6%5B5002704%5D&classificacao=79%5B2670,32794,2681,2677,32796%5D",2026-09-17,
pecuaria,efetivo_rebanho,2020,Ovinos,2677,14477,cabecas,Campo Grande (MS),5002704,municipio,ano_completo,IBGE PPM tabela 3939,"https://servicodados.ibge.gov.br/api/v3/agregados/3939/periodos/2019%7C2020%7C2021%7C2022%7C2023%7C2024/variaveis/105?localidades=N6%5B5002704%5D&classificacao=79%5B2670,32794,2681,2677,32796%5D",2026-09-17,
pecuaria,efetivo_rebanho,2021,Ovinos,2677,13287,cabecas,Campo Grande (MS),5002704,municipio,ano_completo,IBGE PPM tabela 3939,"https://servicodados.ibge.gov.br/api/v3/agregados/3939/periodos/2019%7C2020%7C2021%7C2022%7C2023%7C2024/variaveis/105?localidades=N6%5B5002704%5D&classificacao=79%5B2670,32794,2681,2677,32796%5D",2026-09-17,
pecuaria,efetivo_rebanho,2022,Ovinos,2677,12591,cabecas,Campo Grande (MS),5002704,municipio,ano_completo,IBGE PPM tabela 3939,"https://servicodados.ibge.gov.br/api/v3/agregados/3939/periodos/2019%7C2020%7C2021%7C2022%7C2023%7C2024/variaveis/105?localidades=N6%5B5002704%5D&classificacao=79%5B2670,32794,2681,2677,32796%5D",2026-09-17,
pecuaria,efetivo_rebanho,2023,Ovinos,2677,10199,cabecas,Campo Grande (MS),5002704,municipio,ano_completo,IBGE PPM tabela 3939,"https://servicodados.ibge.gov.br/api/v3/agregados/3939/periodos/2019%7C2020%7C2021%7C2022%7C2023%7C2024/variaveis/105?localidades=N6%5B5002704%5D&classificacao=79%5B2670,32794,2681,2677,32796%5D",2026-09-17,
pecuaria,efetivo_rebanho,2024,Ovinos,2677,8261,cabecas,Campo Grande (MS),5002704,municipio,ano_completo,IBGE PPM tabela 3939,"https://servicodados.ibge.gov.br/api/v3/agregados/3939/periodos/2019%7C2020%7C2021%7C2022%7C2023%7C2024/variaveis/105?localidades=N6%5B5002704%5D&classificacao=79%5B2670,32794,2681,2677,32796%5D",2026-09-17,
pecuaria,efetivo_rebanho,2019,Galináceos,32796,387416,cabecas,Campo Grande (MS),5002704,municipio,ano_completo,IBGE PPM tabela 3939,"https://servicodados.ibge.gov.br/api/v3/agregados/3939/periodos/2019%7C2020%7C2021%7C2022%7C2023%7C2024/variaveis/105?localidades=N6%5B5002704%5D&classificacao=79%5B2670,32794,2681,2677,32796%5D",2026-09-17,
pecuaria,efetivo_rebanho,2020,Galináceos,32796,357026,cabecas,Campo Grande (MS),5002704,municipio,ano_completo,IBGE PPM tabela 3939,"https://servicodados.ibge.gov.br/api/v3/agregados/3939/periodos/2019%7C2020%7C2021%7C2022%7C2023%7C2024/variaveis/105?localidades=N6%5B5002704%5D&classificacao=79%5B2670,32794,2681,2677,32796%5D",2026-09-17,
pecuaria,efetivo_rebanho,2021,Galináceos,32796,375269,cabecas,Campo Grande (MS),5002704,municipio,ano_completo,IBGE PPM tabela 3939,"https://servicodados.ibge.gov.br/api/v3/agregados/3939/periodos/2019%7C2020%7C2021%7C2022%7C2023%7C2024/variaveis/105?localidades=N6%5B5002704%5D&classificacao=79%5B2670,32794,2681,2677,32796%5D",2026-09-17,
pecuaria,efetivo_rebanho,2022,Galináceos,32796,303968,cabecas,Campo Grande (MS),5002704,municipio,ano_completo,IBGE PPM tabela 3939,"https://servicodados.ibge.gov.br/api/v3/agregados/3939/periodos/2019%7C2020%7C2021%7C2022%7C2023%7C2024/variaveis/105?localidades=N6%5B5002704%5D&classificacao=79%5B2670,32794,2681,2677,32796%5D",2026-09-17,
pecuaria,efetivo_rebanho,2023,Galináceos,32796,288769,cabecas,Campo Grande (MS),5002704,municipio,ano_completo,IBGE PPM tabela 3939,"https://servicodados.ibge.gov.br/api/v3/agregados/3939/periodos/2019%7C2020%7C2021%7C2022%7C2023%7C2024/variaveis/105?localidades=N6%5B5002704%5D&classificacao=79%5B2670,32794,2681,2677,32796%5D",2026-09-17,
pecuaria,efetivo_rebanho,2024,Galináceos,32796,306855,cabecas,Campo Grande (MS),5002704,municipio,ano_completo,IBGE PPM tabela 3939,"https://servicodados.ibge.gov.br/api/v3/agregados/3939/periodos/2019%7C2020%7C2021%7C2022%7C2023%7C2024/variaveis/105?localidades=N6%5B5002704%5D&classificacao=79%5B2670,32794,2681,2677,32796%5D",2026-09-17,
pecuaria,efetivo_rebanho_soma_5_especies,2019,Cinco espécies do painel,,949625,cabecas,Campo Grande (MS),5002704,municipio,ano_completo,Cálculo sobre IBGE PPM tabela 3939,"https://servicodados.ibge.gov.br/api/v3/agregados/3939/periodos/2019%7C2020%7C2021%7C2022%7C2023%7C2024/variaveis/105?localidades=N6%5B5002704%5D&classificacao=79%5B2670,32794,2681,2677,32796%5D",2026-09-17,"Soma de bovinos, suínos, caprinos, ovinos e galináceos; não é total de todas as espécies da PPM."
pecuaria,efetivo_rebanho_soma_5_especies,2020,Cinco espécies do painel,,914244,cabecas,Campo Grande (MS),5002704,municipio,ano_completo,Cálculo sobre IBGE PPM tabela 3939,"https://servicodados.ibge.gov.br/api/v3/agregados/3939/periodos/2019%7C2020%7C2021%7C2022%7C2023%7C2024/variaveis/105?localidades=N6%5B5002704%5D&classificacao=79%5B2670,32794,2681,2677,32796%5D",2026-09-17,"Soma de bovinos, suínos, caprinos, ovinos e galináceos; não é total de todas as espécies da PPM."
pecuaria,efetivo_rebanho_soma_5_especies,2021,Cinco espécies do painel,,901484,cabecas,Campo Grande (MS),5002704,municipio,ano_completo,Cálculo sobre IBGE PPM tabela 3939,"https://servicodados.ibge.gov.br/api/v3/agregados/3939/periodos/2019%7C2020%7C2021%7C2022%7C2023%7C2024/variaveis/105?localidades=N6%5B5002704%5D&classificacao=79%5B2670,32794,2681,2677,32796%5D",2026-09-17,"Soma de bovinos, suínos, caprinos, ovinos e galináceos; não é total de todas as espécies da PPM."
pecuaria,efetivo_rebanho_soma_5_especies,2022,Cinco espécies do painel,,791378,cabecas,Campo Grande (MS),5002704,municipio,ano_completo,Cálculo sobre IBGE PPM tabela 3939,"https://servicodados.ibge.gov.br/api/v3/agregados/3939/periodos/2019%7C2020%7C2021%7C2022%7C2023%7C2024/variaveis/105?localidades=N6%5B5002704%5D&classificacao=79%5B2670,32794,2681,2677,32796%5D",2026-09-17,"Soma de bovinos, suínos, caprinos, ovinos e galináceos; não é total de todas as espécies da PPM."
pecuaria,efetivo_rebanho_soma_5_especies,2023,Cinco espécies do painel,,776618,cabecas,Campo Grande (MS),5002704,municipio,ano_completo,Cálculo sobre IBGE PPM tabela 3939,"https://servicodados.ibge.gov.br/api/v3/agregados/3939/periodos/2019%7C2020%7C2021%7C2022%7C2023%7C2024/variaveis/105?localidades=N6%5B5002704%5D&classificacao=79%5B2670,32794,2681,2677,32796%5D",2026-09-17,"Soma de bovinos, suínos, caprinos, ovinos e galináceos; não é total de todas as espécies da PPM."
pecuaria,efetivo_rebanho_soma_5_especies,2024,Cinco espécies do painel,,806022,cabecas,Campo Grande (MS),5002704,municipio,ano_completo,Cálculo sobre IBGE PPM tabela 3939,"https://servicodados.ibge.gov.br/api/v3/agregados/3939/periodos/2019%7C2020%7C2021%7C2022%7C2023%7C2024/variaveis/105?localidades=N6%5B5002704%5D&classificacao=79%5B2670,32794,2681,2677,32796%5D",2026-09-17,"Soma de bovinos, suínos, caprinos, ovinos e galináceos; não é total de todas as espécies da PPM."
agricultura,area_plantada_ou_destinada_colheita,2015,Total,0,64287,ha,Campo Grande (MS),5002704,municipio,ano_completo,IBGE PAM tabela 5457,https://servicodados.ibge.gov.br/api/v3/agregados/5457/periodos/2015/variaveis/8331?localidades=N6%5B5002704%5D&classificacao=782%5B0%5D,2026-09-17,"Soma de áreas por cultura, não área física única."
agricultura,area_plantada_ou_destinada_colheita,2016,Total,0,75679,ha,Campo Grande (MS),5002704,municipio,ano_completo,IBGE PAM tabela 5457,https://servicodados.ibge.gov.br/api/v3/agregados/5457/periodos/2016/variaveis/8331?localidades=N6%5B5002704%5D&classificacao=782%5B0%5D,2026-09-17,"Soma de áreas por cultura, não área física única."
agricultura,area_plantada_ou_destinada_colheita,2017,Total,0,84434,ha,Campo Grande (MS),5002704,municipio,ano_completo,IBGE PAM tabela 5457,https://servicodados.ibge.gov.br/api/v3/agregados/5457/periodos/2017/variaveis/8331?localidades=N6%5B5002704%5D&classificacao=782%5B0%5D,2026-09-17,"Soma de áreas por cultura, não área física única."
agricultura,area_plantada_ou_destinada_colheita,2018,Total,0,95013,ha,Campo Grande (MS),5002704,municipio,ano_completo,IBGE PAM tabela 5457,https://servicodados.ibge.gov.br/api/v3/agregados/5457/periodos/2018/variaveis/8331?localidades=N6%5B5002704%5D&classificacao=782%5B0%5D,2026-09-17,"Soma de áreas por cultura, não área física única."
agricultura,area_plantada_ou_destinada_colheita,2019,Total,0,121036,ha,Campo Grande (MS),5002704,municipio,ano_completo,IBGE PAM tabela 5457,https://servicodados.ibge.gov.br/api/v3/agregados/5457/periodos/2019/variaveis/8331?localidades=N6%5B5002704%5D&classificacao=782%5B0%5D,2026-09-17,"Soma de áreas por cultura, não área física única."
agricultura,area_plantada_ou_destinada_colheita,2020,Total,0,121073,ha,Campo Grande (MS),5002704,municipio,ano_completo,IBGE PAM tabela 5457,https://servicodados.ibge.gov.br/api/v3/agregados/5457/periodos/2020/variaveis/8331?localidades=N6%5B5002704%5D&classificacao=782%5B0%5D,2026-09-17,"Soma de áreas por cultura, não área física única."
agricultura,area_plantada_ou_destinada_colheita,2021,Total,0,161219,ha,Campo Grande (MS),5002704,municipio,ano_completo,IBGE PAM tabela 5457,https://servicodados.ibge.gov.br/api/v3/agregados/5457/periodos/2021/variaveis/8331?localidades=N6%5B5002704%5D&classificacao=782%5B0%5D,2026-09-17,"Soma de áreas por cultura, não área física única."
agricultura,area_plantada_ou_destinada_colheita,2022,Total,0,165302,ha,Campo Grande (MS),5002704,municipio,ano_completo,IBGE PAM tabela 5457,https://servicodados.ibge.gov.br/api/v3/agregados/5457/periodos/2022/variaveis/8331?localidades=N6%5B5002704%5D&classificacao=782%5B0%5D,2026-09-17,"Soma de áreas por cultura, não área física única."
agricultura,area_plantada_ou_destinada_colheita,2023,Total,0,168827,ha,Campo Grande (MS),5002704,municipio,ano_completo,IBGE PAM tabela 5457,https://servicodados.ibge.gov.br/api/v3/agregados/5457/periodos/2023/variaveis/8331?localidades=N6%5B5002704%5D&classificacao=782%5B0%5D,2026-09-17,"Soma de áreas por cultura, não área física única."
agricultura,area_plantada_ou_destinada_colheita,2024,Total,0,171959,ha,Campo Grande (MS),5002704,municipio,ano_completo,IBGE PAM tabela 5457,https://servicodados.ibge.gov.br/api/v3/agregados/5457/periodos/2024/variaveis/8331?localidades=N6%5B5002704%5D&classificacao=782%5B0%5D,2026-09-17,"Soma de áreas por cultura, não área física única."
agricultura,valor_producao,2015,Total,0,143215000,BRL,Campo Grande (MS),5002704,municipio,ano_completo,IBGE PAM tabela 5457,https://servicodados.ibge.gov.br/api/v3/agregados/5457/periodos/2015/variaveis/215?localidades=N6%5B5002704%5D&classificacao=782%5B0%5D,2026-09-17,Valor original em mil reais; convertido para reais.
agricultura,valor_producao,2016,Total,0,228770000,BRL,Campo Grande (MS),5002704,municipio,ano_completo,IBGE PAM tabela 5457,https://servicodados.ibge.gov.br/api/v3/agregados/5457/periodos/2016/variaveis/215?localidades=N6%5B5002704%5D&classificacao=782%5B0%5D,2026-09-17,Valor original em mil reais; convertido para reais.
agricultura,valor_producao,2017,Total,0,209002000,BRL,Campo Grande (MS),5002704,municipio,ano_completo,IBGE PAM tabela 5457,https://servicodados.ibge.gov.br/api/v3/agregados/5457/periodos/2017/variaveis/215?localidades=N6%5B5002704%5D&classificacao=782%5B0%5D,2026-09-17,Valor original em mil reais; convertido para reais.
agricultura,valor_producao,2018,Total,0,305938000,BRL,Campo Grande (MS),5002704,municipio,ano_completo,IBGE PAM tabela 5457,https://servicodados.ibge.gov.br/api/v3/agregados/5457/periodos/2018/variaveis/215?localidades=N6%5B5002704%5D&classificacao=782%5B0%5D,2026-09-17,Valor original em mil reais; convertido para reais.
agricultura,valor_producao,2019,Total,0,358865000,BRL,Campo Grande (MS),5002704,municipio,ano_completo,IBGE PAM tabela 5457,https://servicodados.ibge.gov.br/api/v3/agregados/5457/periodos/2019/variaveis/215?localidades=N6%5B5002704%5D&classificacao=782%5B0%5D,2026-09-17,Valor original em mil reais; convertido para reais.
agricultura,valor_producao,2020,Total,0,458175000,BRL,Campo Grande (MS),5002704,municipio,ano_completo,IBGE PAM tabela 5457,https://servicodados.ibge.gov.br/api/v3/agregados/5457/periodos/2020/variaveis/215?localidades=N6%5B5002704%5D&classificacao=782%5B0%5D,2026-09-17,Valor original em mil reais; convertido para reais.
agricultura,valor_producao,2021,Total,0,1236744000,BRL,Campo Grande (MS),5002704,municipio,ano_completo,IBGE PAM tabela 5457,https://servicodados.ibge.gov.br/api/v3/agregados/5457/periodos/2021/variaveis/215?localidades=N6%5B5002704%5D&classificacao=782%5B0%5D,2026-09-17,Valor original em mil reais; convertido para reais.
agricultura,valor_producao,2022,Total,0,1341797000,BRL,Campo Grande (MS),5002704,municipio,ano_completo,IBGE PAM tabela 5457,https://servicodados.ibge.gov.br/api/v3/agregados/5457/periodos/2022/variaveis/215?localidades=N6%5B5002704%5D&classificacao=782%5B0%5D,2026-09-17,Valor original em mil reais; convertido para reais.
agricultura,valor_producao,2023,Total,0,1079039000,BRL,Campo Grande (MS),5002704,municipio,ano_completo,IBGE PAM tabela 5457,https://servicodados.ibge.gov.br/api/v3/agregados/5457/periodos/2023/variaveis/215?localidades=N6%5B5002704%5D&classificacao=782%5B0%5D,2026-09-17,Valor original em mil reais; convertido para reais.
agricultura,valor_producao,2024,Total,0,1013964000,BRL,Campo Grande (MS),5002704,municipio,ano_completo,IBGE PAM tabela 5457,https://servicodados.ibge.gov.br/api/v3/agregados/5457/periodos/2024/variaveis/215?localidades=N6%5B5002704%5D&classificacao=782%5B0%5D,2026-09-17,Valor original em mil reais; convertido para reais.
agricultura,area_plantada_ou_destinada_colheita,2024,Abacate,40129,1,ha,Campo Grande (MS),5002704,municipio,ano_completo,IBGE PAM tabela 5457,https://servicodados.ibge.gov.br/api/v3/agregados/5457/periodos/2024/variaveis/8331?localidades=N6%5B5002704%5D&classificacao=782%5Ball%5D,2026-09-17,Ausência de valor da produção para um produto não deve ser interpretada como zero.
agricultura,area_plantada_ou_destinada_colheita,2024,Abacaxi*,40092,65,ha,Campo Grande (MS),5002704,municipio,ano_completo,IBGE PAM tabela 5457,https://servicodados.ibge.gov.br/api/v3/agregados/5457/periodos/2024/variaveis/8331?localidades=N6%5B5002704%5D&classificacao=782%5Ball%5D,2026-09-17,Ausência de valor da produção para um produto não deve ser interpretada como zero.
agricultura,area_plantada_ou_destinada_colheita,2024,Algodão herbáceo (em caroço),40099,1930,ha,Campo Grande (MS),5002704,municipio,ano_completo,IBGE PAM tabela 5457,https://servicodados.ibge.gov.br/api/v3/agregados/5457/periodos/2024/variaveis/8331?localidades=N6%5B5002704%5D&classificacao=782%5Ball%5D,2026-09-17,Ausência de valor da produção para um produto não deve ser interpretada como zero.
agricultura,area_plantada_ou_destinada_colheita,2024,Banana (cacho),40136,49,ha,Campo Grande (MS),5002704,municipio,ano_completo,IBGE PAM tabela 5457,https://servicodados.ibge.gov.br/api/v3/agregados/5457/periodos/2024/variaveis/8331?localidades=N6%5B5002704%5D&classificacao=782%5Ball%5D,2026-09-17,Ausência de valor da produção para um produto não deve ser interpretada como zero.
agricultura,area_plantada_ou_destinada_colheita,2024,Batata-doce,40104,2,ha,Campo Grande (MS),5002704,municipio,ano_completo,IBGE PAM tabela 5457,https://servicodados.ibge.gov.br/api/v3/agregados/5457/periodos/2024/variaveis/8331?localidades=N6%5B5002704%5D&classificacao=782%5Ball%5D,2026-09-17,Ausência de valor da produção para um produto não deve ser interpretada como zero.
agricultura,area_plantada_ou_destinada_colheita,2024,Borracha (látex coagulado),40137,35,ha,Campo Grande (MS),5002704,municipio,ano_completo,IBGE PAM tabela 5457,https://servicodados.ibge.gov.br/api/v3/agregados/5457/periodos/2024/variaveis/8331?localidades=N6%5B5002704%5D&classificacao=782%5Ball%5D,2026-09-17,Ausência de valor da produção para um produto não deve ser interpretada como zero.
agricultura,area_plantada_ou_destinada_colheita,2024,Cana-de-açúcar,40106,1753,ha,Campo Grande (MS),5002704,municipio,ano_completo,IBGE PAM tabela 5457,https://servicodados.ibge.gov.br/api/v3/agregados/5457/periodos/2024/variaveis/8331?localidades=N6%5B5002704%5D&classificacao=782%5Ball%5D,2026-09-17,Ausência de valor da produção para um produto não deve ser interpretada como zero.
agricultura,area_plantada_ou_destinada_colheita,2024,Coco-da-baía*,40145,3,ha,Campo Grande (MS),5002704,municipio,ano_completo,IBGE PAM tabela 5457,https://servicodados.ibge.gov.br/api/v3/agregados/5457/periodos/2024/variaveis/8331?localidades=N6%5B5002704%5D&classificacao=782%5Ball%5D,2026-09-17,Ausência de valor da produção para um produto não deve ser interpretada como zero.
agricultura,area_plantada_ou_destinada_colheita,2024,Feijão (em grão),40112,260,ha,Campo Grande (MS),5002704,municipio,ano_completo,IBGE PAM tabela 5457,https://servicodados.ibge.gov.br/api/v3/agregados/5457/periodos/2024/variaveis/8331?localidades=N6%5B5002704%5D&classificacao=782%5Ball%5D,2026-09-17,Ausência de valor da produção para um produto não deve ser interpretada como zero.
agricultura,area_plantada_ou_destinada_colheita,2024,Girassol (em grão),40114,210,ha,Campo Grande (MS),5002704,municipio,ano_completo,IBGE PAM tabela 5457,https://servicodados.ibge.gov.br/api/v3/agregados/5457/periodos/2024/variaveis/8331?localidades=N6%5B5002704%5D&classificacao=782%5Ball%5D,2026-09-17,Ausência de valor da produção para um produto não deve ser interpretada como zero.
agricultura,area_plantada_ou_destinada_colheita,2024,Goiaba,40149,4,ha,Campo Grande (MS),5002704,municipio,ano_completo,IBGE PAM tabela 5457,https://servicodados.ibge.gov.br/api/v3/agregados/5457/periodos/2024/variaveis/8331?localidades=N6%5B5002704%5D&classificacao=782%5Ball%5D,2026-09-17,Ausência de valor da produção para um produto não deve ser interpretada como zero.
agricultura,area_plantada_ou_destinada_colheita,2024,Laranja,40151,14,ha,Campo Grande (MS),5002704,municipio,ano_completo,IBGE PAM tabela 5457,https://servicodados.ibge.gov.br/api/v3/agregados/5457/periodos/2024/variaveis/8331?localidades=N6%5B5002704%5D&classificacao=782%5Ball%5D,2026-09-17,Ausência de valor da produção para um produto não deve ser interpretada como zero.
agricultura,area_plantada_ou_destinada_colheita,2024,Limão,40152,27,ha,Campo Grande (MS),5002704,municipio,ano_completo,IBGE PAM tabela 5457,https://servicodados.ibge.gov.br/api/v3/agregados/5457/periodos/2024/variaveis/8331?localidades=N6%5B5002704%5D&classificacao=782%5Ball%5D,2026-09-17,Ausência de valor da produção para um produto não deve ser interpretada como zero.
agricultura,area_plantada_ou_destinada_colheita,2024,Mamão,40261,4,ha,Campo Grande (MS),5002704,municipio,ano_completo,IBGE PAM tabela 5457,https://servicodados.ibge.gov.br/api/v3/agregados/5457/periodos/2024/variaveis/8331?localidades=N6%5B5002704%5D&classificacao=782%5Ball%5D,2026-09-17,Ausência de valor da produção para um produto não deve ser interpretada como zero.
agricultura,area_plantada_ou_destinada_colheita,2024,Mandioca,40119,394,ha,Campo Grande (MS),5002704,municipio,ano_completo,IBGE PAM tabela 5457,https://servicodados.ibge.gov.br/api/v3/agregados/5457/periodos/2024/variaveis/8331?localidades=N6%5B5002704%5D&classificacao=782%5Ball%5D,2026-09-17,Ausência de valor da produção para um produto não deve ser interpretada como zero.
agricultura,area_plantada_ou_destinada_colheita,2024,Manga,40262,1,ha,Campo Grande (MS),5002704,municipio,ano_completo,IBGE PAM tabela 5457,https://servicodados.ibge.gov.br/api/v3/agregados/5457/periodos/2024/variaveis/8331?localidades=N6%5B5002704%5D&classificacao=782%5Ball%5D,2026-09-17,Ausência de valor da produção para um produto não deve ser interpretada como zero.
agricultura,area_plantada_ou_destinada_colheita,2024,Maracujá,40263,7,ha,Campo Grande (MS),5002704,municipio,ano_completo,IBGE PAM tabela 5457,https://servicodados.ibge.gov.br/api/v3/agregados/5457/periodos/2024/variaveis/8331?localidades=N6%5B5002704%5D&classificacao=782%5Ball%5D,2026-09-17,Ausência de valor da produção para um produto não deve ser interpretada como zero.
agricultura,area_plantada_ou_destinada_colheita,2024,Milho (em grão),40122,39539,ha,Campo Grande (MS),5002704,municipio,ano_completo,IBGE PAM tabela 5457,https://servicodados.ibge.gov.br/api/v3/agregados/5457/periodos/2024/variaveis/8331?localidades=N6%5B5002704%5D&classificacao=782%5Ball%5D,2026-09-17,Ausência de valor da produção para um produto não deve ser interpretada como zero.
agricultura,area_plantada_ou_destinada_colheita,2024,Soja (em grão),40124,127634,ha,Campo Grande (MS),5002704,municipio,ano_completo,IBGE PAM tabela 5457,https://servicodados.ibge.gov.br/api/v3/agregados/5457/periodos/2024/variaveis/8331?localidades=N6%5B5002704%5D&classificacao=782%5Ball%5D,2026-09-17,Ausência de valor da produção para um produto não deve ser interpretada como zero.
agricultura,area_plantada_ou_destinada_colheita,2024,Tangerina,40271,22,ha,Campo Grande (MS),5002704,municipio,ano_completo,IBGE PAM tabela 5457,https://servicodados.ibge.gov.br/api/v3/agregados/5457/periodos/2024/variaveis/8331?localidades=N6%5B5002704%5D&classificacao=782%5Ball%5D,2026-09-17,Ausência de valor da produção para um produto não deve ser interpretada como zero.
agricultura,area_plantada_ou_destinada_colheita,2024,Tomate,40126,2,ha,Campo Grande (MS),5002704,municipio,ano_completo,IBGE PAM tabela 5457,https://servicodados.ibge.gov.br/api/v3/agregados/5457/periodos/2024/variaveis/8331?localidades=N6%5B5002704%5D&classificacao=782%5Ball%5D,2026-09-17,Ausência de valor da produção para um produto não deve ser interpretada como zero.
agricultura,area_plantada_ou_destinada_colheita,2024,Uva,40274,3,ha,Campo Grande (MS),5002704,municipio,ano_completo,IBGE PAM tabela 5457,https://servicodados.ibge.gov.br/api/v3/agregados/5457/periodos/2024/variaveis/8331?localidades=N6%5B5002704%5D&classificacao=782%5Ball%5D,2026-09-17,Ausência de valor da produção para um produto não deve ser interpretada como zero.
agricultura,valor_producao,2024,Abacate,40129,25000,BRL,Campo Grande (MS),5002704,municipio,ano_completo,IBGE PAM tabela 5457,https://servicodados.ibge.gov.br/api/v3/agregados/5457/periodos/2024/variaveis/215?localidades=N6%5B5002704%5D&classificacao=782%5Ball%5D,2026-09-17,Valor original em mil reais; convertido para reais.
agricultura,valor_producao,2024,Abacaxi*,40092,4940000,BRL,Campo Grande (MS),5002704,municipio,ano_completo,IBGE PAM tabela 5457,https://servicodados.ibge.gov.br/api/v3/agregados/5457/periodos/2024/variaveis/215?localidades=N6%5B5002704%5D&classificacao=782%5Ball%5D,2026-09-17,Valor original em mil reais; convertido para reais.
agricultura,valor_producao,2024,Algodão herbáceo (em caroço),40099,31748000,BRL,Campo Grande (MS),5002704,municipio,ano_completo,IBGE PAM tabela 5457,https://servicodados.ibge.gov.br/api/v3/agregados/5457/periodos/2024/variaveis/215?localidades=N6%5B5002704%5D&classificacao=782%5Ball%5D,2026-09-17,Valor original em mil reais; convertido para reais.
agricultura,valor_producao,2024,Banana (cacho),40136,1666000,BRL,Campo Grande (MS),5002704,municipio,ano_completo,IBGE PAM tabela 5457,https://servicodados.ibge.gov.br/api/v3/agregados/5457/periodos/2024/variaveis/215?localidades=N6%5B5002704%5D&classificacao=782%5Ball%5D,2026-09-17,Valor original em mil reais; convertido para reais.
agricultura,valor_producao,2024,Batata-doce,40104,66000,BRL,Campo Grande (MS),5002704,municipio,ano_completo,IBGE PAM tabela 5457,https://servicodados.ibge.gov.br/api/v3/agregados/5457/periodos/2024/variaveis/215?localidades=N6%5B5002704%5D&classificacao=782%5Ball%5D,2026-09-17,Valor original em mil reais; convertido para reais.
agricultura,valor_producao,2024,Borracha (látex coagulado),40137,298000,BRL,Campo Grande (MS),5002704,municipio,ano_completo,IBGE PAM tabela 5457,https://servicodados.ibge.gov.br/api/v3/agregados/5457/periodos/2024/variaveis/215?localidades=N6%5B5002704%5D&classificacao=782%5Ball%5D,2026-09-17,Valor original em mil reais; convertido para reais.
agricultura,valor_producao,2024,Cana-de-açúcar,40106,22478000,BRL,Campo Grande (MS),5002704,municipio,ano_completo,IBGE PAM tabela 5457,https://servicodados.ibge.gov.br/api/v3/agregados/5457/periodos/2024/variaveis/215?localidades=N6%5B5002704%5D&classificacao=782%5Ball%5D,2026-09-17,Valor original em mil reais; convertido para reais.
agricultura,valor_producao,2024,Coco-da-baía*,40145,31000,BRL,Campo Grande (MS),5002704,municipio,ano_completo,IBGE PAM tabela 5457,https://servicodados.ibge.gov.br/api/v3/agregados/5457/periodos/2024/variaveis/215?localidades=N6%5B5002704%5D&classificacao=782%5Ball%5D,2026-09-17,Valor original em mil reais; convertido para reais.
agricultura,valor_producao,2024,Feijão (em grão),40112,750000,BRL,Campo Grande (MS),5002704,municipio,ano_completo,IBGE PAM tabela 5457,https://servicodados.ibge.gov.br/api/v3/agregados/5457/periodos/2024/variaveis/215?localidades=N6%5B5002704%5D&classificacao=782%5Ball%5D,2026-09-17,Valor original em mil reais; convertido para reais.
agricultura,valor_producao,2024,Girassol (em grão),40114,44000,BRL,Campo Grande (MS),5002704,municipio,ano_completo,IBGE PAM tabela 5457,https://servicodados.ibge.gov.br/api/v3/agregados/5457/periodos/2024/variaveis/215?localidades=N6%5B5002704%5D&classificacao=782%5Ball%5D,2026-09-17,Valor original em mil reais; convertido para reais.
agricultura,valor_producao,2024,Goiaba,40149,80000,BRL,Campo Grande (MS),5002704,municipio,ano_completo,IBGE PAM tabela 5457,https://servicodados.ibge.gov.br/api/v3/agregados/5457/periodos/2024/variaveis/215?localidades=N6%5B5002704%5D&classificacao=782%5Ball%5D,2026-09-17,Valor original em mil reais; convertido para reais.
agricultura,valor_producao,2024,Limão,40152,684000,BRL,Campo Grande (MS),5002704,municipio,ano_completo,IBGE PAM tabela 5457,https://servicodados.ibge.gov.br/api/v3/agregados/5457/periodos/2024/variaveis/215?localidades=N6%5B5002704%5D&classificacao=782%5Ball%5D,2026-09-17,Valor original em mil reais; convertido para reais.
agricultura,valor_producao,2024,Mamão,40261,560000,BRL,Campo Grande (MS),5002704,municipio,ano_completo,IBGE PAM tabela 5457,https://servicodados.ibge.gov.br/api/v3/agregados/5457/periodos/2024/variaveis/215?localidades=N6%5B5002704%5D&classificacao=782%5Ball%5D,2026-09-17,Valor original em mil reais; convertido para reais.
agricultura,valor_producao,2024,Mandioca,40119,11607000,BRL,Campo Grande (MS),5002704,municipio,ano_completo,IBGE PAM tabela 5457,https://servicodados.ibge.gov.br/api/v3/agregados/5457/periodos/2024/variaveis/215?localidades=N6%5B5002704%5D&classificacao=782%5Ball%5D,2026-09-17,Valor original em mil reais; convertido para reais.
agricultura,valor_producao,2024,Manga,40262,21000,BRL,Campo Grande (MS),5002704,municipio,ano_completo,IBGE PAM tabela 5457,https://servicodados.ibge.gov.br/api/v3/agregados/5457/periodos/2024/variaveis/215?localidades=N6%5B5002704%5D&classificacao=782%5Ball%5D,2026-09-17,Valor original em mil reais; convertido para reais.
agricultura,valor_producao,2024,Maracujá,40263,640000,BRL,Campo Grande (MS),5002704,municipio,ano_completo,IBGE PAM tabela 5457,https://servicodados.ibge.gov.br/api/v3/agregados/5457/periodos/2024/variaveis/215?localidades=N6%5B5002704%5D&classificacao=782%5Ball%5D,2026-09-17,Valor original em mil reais; convertido para reais.
agricultura,valor_producao,2024,Milho (em grão),40122,134123000,BRL,Campo Grande (MS),5002704,municipio,ano_completo,IBGE PAM tabela 5457,https://servicodados.ibge.gov.br/api/v3/agregados/5457/periodos/2024/variaveis/215?localidades=N6%5B5002704%5D&classificacao=782%5Ball%5D,2026-09-17,Valor original em mil reais; convertido para reais.
agricultura,valor_producao,2024,Soja (em grão),40124,802801000,BRL,Campo Grande (MS),5002704,municipio,ano_completo,IBGE PAM tabela 5457,https://servicodados.ibge.gov.br/api/v3/agregados/5457/periodos/2024/variaveis/215?localidades=N6%5B5002704%5D&classificacao=782%5Ball%5D,2026-09-17,Valor original em mil reais; convertido para reais.
agricultura,valor_producao,2024,Tangerina,40271,382000,BRL,Campo Grande (MS),5002704,municipio,ano_completo,IBGE PAM tabela 5457,https://servicodados.ibge.gov.br/api/v3/agregados/5457/periodos/2024/variaveis/215?localidades=N6%5B5002704%5D&classificacao=782%5Ball%5D,2026-09-17,Valor original em mil reais; convertido para reais.
agricultura,valor_producao,2024,Tomate,40126,180000,BRL,Campo Grande (MS),5002704,municipio,ano_completo,IBGE PAM tabela 5457,https://servicodados.ibge.gov.br/api/v3/agregados/5457/periodos/2024/variaveis/215?localidades=N6%5B5002704%5D&classificacao=782%5Ball%5D,2026-09-17,Valor original em mil reais; convertido para reais.
agricultura,valor_producao,2024,Uva,40274,840000,BRL,Campo Grande (MS),5002704,municipio,ano_completo,IBGE PAM tabela 5457,https://servicodados.ibge.gov.br/api/v3/agregados/5457/periodos/2024/variaveis/215?localidades=N6%5B5002704%5D&classificacao=782%5Ball%5D,2026-09-17,Valor original em mil reais; convertido para reais.
abate,animais_abatidos,2024-01,Bovinos,1092,314468,cabecas,Mato Grosso do Sul,50,estado,ano_completo,IBGE Pesquisa Trimestral do Abate tabela 1092,https://sidra.ibge.gov.br/tabela/1092,2026-09-17,Local de abate na UF; não representa apenas Campo Grande.
abate,animais_abatidos,2024-04,Bovinos,1092,334068,cabecas,Mato Grosso do Sul,50,estado,ano_completo,IBGE Pesquisa Trimestral do Abate tabela 1092,https://sidra.ibge.gov.br/tabela/1092,2026-09-17,Local de abate na UF; não representa apenas Campo Grande.
abate,animais_abatidos,2024-07,Bovinos,1092,366301,cabecas,Mato Grosso do Sul,50,estado,ano_completo,IBGE Pesquisa Trimestral do Abate tabela 1092,https://sidra.ibge.gov.br/tabela/1092,2026-09-17,Local de abate na UF; não representa apenas Campo Grande.
abate,animais_abatidos,2024-10,Bovinos,1092,294197,cabecas,Mato Grosso do Sul,50,estado,ano_completo,IBGE Pesquisa Trimestral do Abate tabela 1092,https://sidra.ibge.gov.br/tabela/1092,2026-09-17,Local de abate na UF; não representa apenas Campo Grande.
abate,animais_abatidos,2025-01,Bovinos,1092,328111,cabecas,Mato Grosso do Sul,50,estado,ano_completo,IBGE Pesquisa Trimestral do Abate tabela 1092,https://sidra.ibge.gov.br/tabela/1092,2026-09-17,Local de abate na UF; não representa apenas Campo Grande.
abate,animais_abatidos,2025-04,Bovinos,1092,320905,cabecas,Mato Grosso do Sul,50,estado,ano_completo,IBGE Pesquisa Trimestral do Abate tabela 1092,https://sidra.ibge.gov.br/tabela/1092,2026-09-17,Local de abate na UF; não representa apenas Campo Grande.
abate,animais_abatidos,2025-07,Bovinos,1092,360925,cabecas,Mato Grosso do Sul,50,estado,ano_completo,IBGE Pesquisa Trimestral do Abate tabela 1092,https://sidra.ibge.gov.br/tabela/1092,2026-09-17,Local de abate na UF; não representa apenas Campo Grande.
abate,animais_abatidos,2025-10,Bovinos,1092,343079,cabecas,Mato Grosso do Sul,50,estado,ano_completo,IBGE Pesquisa Trimestral do Abate tabela 1092,https://sidra.ibge.gov.br/tabela/1092,2026-09-17,Local de abate na UF; não representa apenas Campo Grande.
abate,animais_abatidos,2026-01,Bovinos,1092,310406,cabecas,Mato Grosso do Sul,50,estado,parcial_ate_junho,IBGE Pesquisa Trimestral do Abate tabela 1092,https://sidra.ibge.gov.br/tabela/1092,2026-09-17,Local de abate na UF; não representa apenas Campo Grande.
abate,animais_abatidos,2026-04,Bovinos,1092,309036,cabecas,Mato Grosso do Sul,50,estado,parcial_ate_junho,IBGE Pesquisa Trimestral do Abate tabela 1092,https://sidra.ibge.gov.br/tabela/1092,2026-09-17,Local de abate na UF; não representa apenas Campo Grande.
abate,animais_abatidos,2024-02,Bovinos,1092,309098,cabecas,Mato Grosso do Sul,50,estado,ano_completo,IBGE Pesquisa Trimestral do Abate tabela 1092,https://sidra.ibge.gov.br/tabela/1092,2026-09-17,Local de abate na UF; não representa apenas Campo Grande.
abate,animais_abatidos,2024-05,Bovinos,1092,330485,cabecas,Mato Grosso do Sul,50,estado,ano_completo,IBGE Pesquisa Trimestral do Abate tabela 1092,https://sidra.ibge.gov.br/tabela/1092,2026-09-17,Local de abate na UF; não representa apenas Campo Grande.
abate,animais_abatidos,2024-08,Bovinos,1092,327034,cabecas,Mato Grosso do Sul,50,estado,ano_completo,IBGE Pesquisa Trimestral do Abate tabela 1092,https://sidra.ibge.gov.br/tabela/1092,2026-09-17,Local de abate na UF; não representa apenas Campo Grande.
abate,animais_abatidos,2024-11,Bovinos,1092,275197,cabecas,Mato Grosso do Sul,50,estado,ano_completo,IBGE Pesquisa Trimestral do Abate tabela 1092,https://sidra.ibge.gov.br/tabela/1092,2026-09-17,Local de abate na UF; não representa apenas Campo Grande.
abate,animais_abatidos,2025-02,Bovinos,1092,320360,cabecas,Mato Grosso do Sul,50,estado,ano_completo,IBGE Pesquisa Trimestral do Abate tabela 1092,https://sidra.ibge.gov.br/tabela/1092,2026-09-17,Local de abate na UF; não representa apenas Campo Grande.
abate,animais_abatidos,2025-05,Bovinos,1092,335818,cabecas,Mato Grosso do Sul,50,estado,ano_completo,IBGE Pesquisa Trimestral do Abate tabela 1092,https://sidra.ibge.gov.br/tabela/1092,2026-09-17,Local de abate na UF; não representa apenas Campo Grande.
abate,animais_abatidos,2025-08,Bovinos,1092,332917,cabecas,Mato Grosso do Sul,50,estado,ano_completo,IBGE Pesquisa Trimestral do Abate tabela 1092,https://sidra.ibge.gov.br/tabela/1092,2026-09-17,Local de abate na UF; não representa apenas Campo Grande.
abate,animais_abatidos,2025-11,Bovinos,1092,283790,cabecas,Mato Grosso do Sul,50,estado,ano_completo,IBGE Pesquisa Trimestral do Abate tabela 1092,https://sidra.ibge.gov.br/tabela/1092,2026-09-17,Local de abate na UF; não representa apenas Campo Grande.
abate,animais_abatidos,2026-02,Bovinos,1092,298154,cabecas,Mato Grosso do Sul,50,estado,parcial_ate_junho,IBGE Pesquisa Trimestral do Abate tabela 1092,https://sidra.ibge.gov.br/tabela/1092,2026-09-17,Local de abate na UF; não representa apenas Campo Grande.
abate,animais_abatidos,2026-05,Bovinos,1092,320822,cabecas,Mato Grosso do Sul,50,estado,parcial_ate_junho,IBGE Pesquisa Trimestral do Abate tabela 1092,https://sidra.ibge.gov.br/tabela/1092,2026-09-17,Local de abate na UF; não representa apenas Campo Grande.
abate,animais_abatidos,2024-03,Bovinos,1092,300227,cabecas,Mato Grosso do Sul,50,estado,ano_completo,IBGE Pesquisa Trimestral do Abate tabela 1092,https://sidra.ibge.gov.br/tabela/1092,2026-09-17,Local de abate na UF; não representa apenas Campo Grande.
abate,animais_abatidos,2024-06,Bovinos,1092,322817,cabecas,Mato Grosso do Sul,50,estado,ano_completo,IBGE Pesquisa Trimestral do Abate tabela 1092,https://sidra.ibge.gov.br/tabela/1092,2026-09-17,Local de abate na UF; não representa apenas Campo Grande.
abate,animais_abatidos,2024-09,Bovinos,1092,302343,cabecas,Mato Grosso do Sul,50,estado,ano_completo,IBGE Pesquisa Trimestral do Abate tabela 1092,https://sidra.ibge.gov.br/tabela/1092,2026-09-17,Local de abate na UF; não representa apenas Campo Grande.
abate,animais_abatidos,2024-12,Bovinos,1092,279182,cabecas,Mato Grosso do Sul,50,estado,ano_completo,IBGE Pesquisa Trimestral do Abate tabela 1092,https://sidra.ibge.gov.br/tabela/1092,2026-09-17,Local de abate na UF; não representa apenas Campo Grande.
abate,animais_abatidos,2025-03,Bovinos,1092,324730,cabecas,Mato Grosso do Sul,50,estado,ano_completo,IBGE Pesquisa Trimestral do Abate tabela 1092,https://sidra.ibge.gov.br/tabela/1092,2026-09-17,Local de abate na UF; não representa apenas Campo Grande.
abate,animais_abatidos,2025-06,Bovinos,1092,328262,cabecas,Mato Grosso do Sul,50,estado,ano_completo,IBGE Pesquisa Trimestral do Abate tabela 1092,https://sidra.ibge.gov.br/tabela/1092,2026-09-17,Local de abate na UF; não representa apenas Campo Grande.
abate,animais_abatidos,2025-09,Bovinos,1092,339030,cabecas,Mato Grosso do Sul,50,estado,ano_completo,IBGE Pesquisa Trimestral do Abate tabela 1092,https://sidra.ibge.gov.br/tabela/1092,2026-09-17,Local de abate na UF; não representa apenas Campo Grande.
abate,animais_abatidos,2025-12,Bovinos,1092,312776,cabecas,Mato Grosso do Sul,50,estado,ano_completo,IBGE Pesquisa Trimestral do Abate tabela 1092,https://sidra.ibge.gov.br/tabela/1092,2026-09-17,Local de abate na UF; não representa apenas Campo Grande.
abate,animais_abatidos,2026-03,Bovinos,1092,338015,cabecas,Mato Grosso do Sul,50,estado,parcial_ate_junho,IBGE Pesquisa Trimestral do Abate tabela 1092,https://sidra.ibge.gov.br/tabela/1092,2026-09-17,Local de abate na UF; não representa apenas Campo Grande.
abate,animais_abatidos,2026-06,Bovinos,1092,324432,cabecas,Mato Grosso do Sul,50,estado,parcial_ate_junho,IBGE Pesquisa Trimestral do Abate tabela 1092,https://sidra.ibge.gov.br/tabela/1092,2026-09-17,Local de abate na UF; não representa apenas Campo Grande.
abate,peso_carcacas,2024-01,Bovinos,1092,85384360,kg,Mato Grosso do Sul,50,estado,ano_completo,IBGE Pesquisa Trimestral do Abate tabela 1092,https://sidra.ibge.gov.br/tabela/1092,2026-09-17,Local de abate na UF; não representa apenas Campo Grande.
abate,peso_carcacas,2024-04,Bovinos,1092,90074932,kg,Mato Grosso do Sul,50,estado,ano_completo,IBGE Pesquisa Trimestral do Abate tabela 1092,https://sidra.ibge.gov.br/tabela/1092,2026-09-17,Local de abate na UF; não representa apenas Campo Grande.
abate,peso_carcacas,2024-07,Bovinos,1092,99026537,kg,Mato Grosso do Sul,50,estado,ano_completo,IBGE Pesquisa Trimestral do Abate tabela 1092,https://sidra.ibge.gov.br/tabela/1092,2026-09-17,Local de abate na UF; não representa apenas Campo Grande.
abate,peso_carcacas,2024-10,Bovinos,1092,80791795,kg,Mato Grosso do Sul,50,estado,ano_completo,IBGE Pesquisa Trimestral do Abate tabela 1092,https://sidra.ibge.gov.br/tabela/1092,2026-09-17,Local de abate na UF; não representa apenas Campo Grande.
abate,peso_carcacas,2025-01,Bovinos,1092,87189477,kg,Mato Grosso do Sul,50,estado,ano_completo,IBGE Pesquisa Trimestral do Abate tabela 1092,https://sidra.ibge.gov.br/tabela/1092,2026-09-17,Local de abate na UF; não representa apenas Campo Grande.
abate,peso_carcacas,2025-04,Bovinos,1092,83022861,kg,Mato Grosso do Sul,50,estado,ano_completo,IBGE Pesquisa Trimestral do Abate tabela 1092,https://sidra.ibge.gov.br/tabela/1092,2026-09-17,Local de abate na UF; não representa apenas Campo Grande.
abate,peso_carcacas,2025-07,Bovinos,1092,96958875,kg,Mato Grosso do Sul,50,estado,ano_completo,IBGE Pesquisa Trimestral do Abate tabela 1092,https://sidra.ibge.gov.br/tabela/1092,2026-09-17,Local de abate na UF; não representa apenas Campo Grande.
abate,peso_carcacas,2025-10,Bovinos,1092,95041188,kg,Mato Grosso do Sul,50,estado,ano_completo,IBGE Pesquisa Trimestral do Abate tabela 1092,https://sidra.ibge.gov.br/tabela/1092,2026-09-17,Local de abate na UF; não representa apenas Campo Grande.
abate,peso_carcacas,2026-01,Bovinos,1092,84261005,kg,Mato Grosso do Sul,50,estado,parcial_ate_junho,IBGE Pesquisa Trimestral do Abate tabela 1092,https://sidra.ibge.gov.br/tabela/1092,2026-09-17,Local de abate na UF; não representa apenas Campo Grande.
abate,peso_carcacas,2026-04,Bovinos,1092,82920445,kg,Mato Grosso do Sul,50,estado,parcial_ate_junho,IBGE Pesquisa Trimestral do Abate tabela 1092,https://sidra.ibge.gov.br/tabela/1092,2026-09-17,Local de abate na UF; não representa apenas Campo Grande.
abate,peso_carcacas,2024-02,Bovinos,1092,83602990,kg,Mato Grosso do Sul,50,estado,ano_completo,IBGE Pesquisa Trimestral do Abate tabela 1092,https://sidra.ibge.gov.br/tabela/1092,2026-09-17,Local de abate na UF; não representa apenas Campo Grande.
abate,peso_carcacas,2024-05,Bovinos,1092,89189978,kg,Mato Grosso do Sul,50,estado,ano_completo,IBGE Pesquisa Trimestral do Abate tabela 1092,https://sidra.ibge.gov.br/tabela/1092,2026-09-17,Local de abate na UF; não representa apenas Campo Grande.
abate,peso_carcacas,2024-08,Bovinos,1092,89000197,kg,Mato Grosso do Sul,50,estado,ano_completo,IBGE Pesquisa Trimestral do Abate tabela 1092,https://sidra.ibge.gov.br/tabela/1092,2026-09-17,Local de abate na UF; não representa apenas Campo Grande.
abate,peso_carcacas,2024-11,Bovinos,1092,73598097,kg,Mato Grosso do Sul,50,estado,ano_completo,IBGE Pesquisa Trimestral do Abate tabela 1092,https://sidra.ibge.gov.br/tabela/1092,2026-09-17,Local de abate na UF; não representa apenas Campo Grande.
abate,peso_carcacas,2025-02,Bovinos,1092,84691156,kg,Mato Grosso do Sul,50,estado,ano_completo,IBGE Pesquisa Trimestral do Abate tabela 1092,https://sidra.ibge.gov.br/tabela/1092,2026-09-17,Local de abate na UF; não representa apenas Campo Grande.
abate,peso_carcacas,2025-05,Bovinos,1092,88693733,kg,Mato Grosso do Sul,50,estado,ano_completo,IBGE Pesquisa Trimestral do Abate tabela 1092,https://sidra.ibge.gov.br/tabela/1092,2026-09-17,Local de abate na UF; não representa apenas Campo Grande.
abate,peso_carcacas,2025-08,Bovinos,1092,90608335,kg,Mato Grosso do Sul,50,estado,ano_completo,IBGE Pesquisa Trimestral do Abate tabela 1092,https://sidra.ibge.gov.br/tabela/1092,2026-09-17,Local de abate na UF; não representa apenas Campo Grande.
abate,peso_carcacas,2025-11,Bovinos,1092,79059006,kg,Mato Grosso do Sul,50,estado,ano_completo,IBGE Pesquisa Trimestral do Abate tabela 1092,https://sidra.ibge.gov.br/tabela/1092,2026-09-17,Local de abate na UF; não representa apenas Campo Grande.
abate,peso_carcacas,2026-02,Bovinos,1092,79629369,kg,Mato Grosso do Sul,50,estado,parcial_ate_junho,IBGE Pesquisa Trimestral do Abate tabela 1092,https://sidra.ibge.gov.br/tabela/1092,2026-09-17,Local de abate na UF; não representa apenas Campo Grande.
abate,peso_carcacas,2026-05,Bovinos,1092,86436585,kg,Mato Grosso do Sul,50,estado,parcial_ate_junho,IBGE Pesquisa Trimestral do Abate tabela 1092,https://sidra.ibge.gov.br/tabela/1092,2026-09-17,Local de abate na UF; não representa apenas Campo Grande.
abate,peso_carcacas,2024-03,Bovinos,1092,81166694,kg,Mato Grosso do Sul,50,estado,ano_completo,IBGE Pesquisa Trimestral do Abate tabela 1092,https://sidra.ibge.gov.br/tabela/1092,2026-09-17,Local de abate na UF; não representa apenas Campo Grande.
abate,peso_carcacas,2024-06,Bovinos,1092,87023744,kg,Mato Grosso do Sul,50,estado,ano_completo,IBGE Pesquisa Trimestral do Abate tabela 1092,https://sidra.ibge.gov.br/tabela/1092,2026-09-17,Local de abate na UF; não representa apenas Campo Grande.
abate,peso_carcacas,2024-09,Bovinos,1092,83218944,kg,Mato Grosso do Sul,50,estado,ano_completo,IBGE Pesquisa Trimestral do Abate tabela 1092,https://sidra.ibge.gov.br/tabela/1092,2026-09-17,Local de abate na UF; não representa apenas Campo Grande.
abate,peso_carcacas,2024-12,Bovinos,1092,74095011,kg,Mato Grosso do Sul,50,estado,ano_completo,IBGE Pesquisa Trimestral do Abate tabela 1092,https://sidra.ibge.gov.br/tabela/1092,2026-09-17,Local de abate na UF; não representa apenas Campo Grande.
abate,peso_carcacas,2025-03,Bovinos,1092,85153225,kg,Mato Grosso do Sul,50,estado,ano_completo,IBGE Pesquisa Trimestral do Abate tabela 1092,https://sidra.ibge.gov.br/tabela/1092,2026-09-17,Local de abate na UF; não representa apenas Campo Grande.
abate,peso_carcacas,2025-06,Bovinos,1092,86429136,kg,Mato Grosso do Sul,50,estado,ano_completo,IBGE Pesquisa Trimestral do Abate tabela 1092,https://sidra.ibge.gov.br/tabela/1092,2026-09-17,Local de abate na UF; não representa apenas Campo Grande.
abate,peso_carcacas,2025-09,Bovinos,1092,93321887,kg,Mato Grosso do Sul,50,estado,ano_completo,IBGE Pesquisa Trimestral do Abate tabela 1092,https://sidra.ibge.gov.br/tabela/1092,2026-09-17,Local de abate na UF; não representa apenas Campo Grande.
abate,peso_carcacas,2025-12,Bovinos,1092,85128511,kg,Mato Grosso do Sul,50,estado,ano_completo,IBGE Pesquisa Trimestral do Abate tabela 1092,https://sidra.ibge.gov.br/tabela/1092,2026-09-17,Local de abate na UF; não representa apenas Campo Grande.
abate,peso_carcacas,2026-03,Bovinos,1092,90881500,kg,Mato Grosso do Sul,50,estado,parcial_ate_junho,IBGE Pesquisa Trimestral do Abate tabela 1092,https://sidra.ibge.gov.br/tabela/1092,2026-09-17,Local de abate na UF; não representa apenas Campo Grande.
abate,peso_carcacas,2026-06,Bovinos,1092,87465753,kg,Mato Grosso do Sul,50,estado,parcial_ate_junho,IBGE Pesquisa Trimestral do Abate tabela 1092,https://sidra.ibge.gov.br/tabela/1092,2026-09-17,Local de abate na UF; não representa apenas Campo Grande.
abate,animais_abatidos,2024-01,Suínos,1093,213038,cabecas,Mato Grosso do Sul,50,estado,ano_completo,IBGE Pesquisa Trimestral do Abate tabela 1093,https://sidra.ibge.gov.br/tabela/1093,2026-09-17,Local de abate na UF; não representa apenas Campo Grande.
abate,animais_abatidos,2024-04,Suínos,1093,224842,cabecas,Mato Grosso do Sul,50,estado,ano_completo,IBGE Pesquisa Trimestral do Abate tabela 1093,https://sidra.ibge.gov.br/tabela/1093,2026-09-17,Local de abate na UF; não representa apenas Campo Grande.
abate,animais_abatidos,2024-07,Suínos,1093,256198,cabecas,Mato Grosso do Sul,50,estado,ano_completo,IBGE Pesquisa Trimestral do Abate tabela 1093,https://sidra.ibge.gov.br/tabela/1093,2026-09-17,Local de abate na UF; não representa apenas Campo Grande.
abate,animais_abatidos,2024-10,Suínos,1093,243346,cabecas,Mato Grosso do Sul,50,estado,ano_completo,IBGE Pesquisa Trimestral do Abate tabela 1093,https://sidra.ibge.gov.br/tabela/1093,2026-09-17,Local de abate na UF; não representa apenas Campo Grande.
abate,animais_abatidos,2025-01,Suínos,1093,140628,cabecas,Mato Grosso do Sul,50,estado,ano_completo,IBGE Pesquisa Trimestral do Abate tabela 1093,https://sidra.ibge.gov.br/tabela/1093,2026-09-17,Local de abate na UF; não representa apenas Campo Grande.
abate,animais_abatidos,2025-04,Suínos,1093,245608,cabecas,Mato Grosso do Sul,50,estado,ano_completo,IBGE Pesquisa Trimestral do Abate tabela 1093,https://sidra.ibge.gov.br/tabela/1093,2026-09-17,Local de abate na UF; não representa apenas Campo Grande.
abate,animais_abatidos,2025-07,Suínos,1093,300277,cabecas,Mato Grosso do Sul,50,estado,ano_completo,IBGE Pesquisa Trimestral do Abate tabela 1093,https://sidra.ibge.gov.br/tabela/1093,2026-09-17,Local de abate na UF; não representa apenas Campo Grande.
abate,animais_abatidos,2025-10,Suínos,1093,317201,cabecas,Mato Grosso do Sul,50,estado,ano_completo,IBGE Pesquisa Trimestral do Abate tabela 1093,https://sidra.ibge.gov.br/tabela/1093,2026-09-17,Local de abate na UF; não representa apenas Campo Grande.
abate,animais_abatidos,2026-01,Suínos,1093,335924,cabecas,Mato Grosso do Sul,50,estado,parcial_ate_junho,IBGE Pesquisa Trimestral do Abate tabela 1093,https://sidra.ibge.gov.br/tabela/1093,2026-09-17,Local de abate na UF; não representa apenas Campo Grande.
abate,animais_abatidos,2026-04,Suínos,1093,323759,cabecas,Mato Grosso do Sul,50,estado,parcial_ate_junho,IBGE Pesquisa Trimestral do Abate tabela 1093,https://sidra.ibge.gov.br/tabela/1093,2026-09-17,Local de abate na UF; não representa apenas Campo Grande.
abate,animais_abatidos,2024-02,Suínos,1093,222708,cabecas,Mato Grosso do Sul,50,estado,ano_completo,IBGE Pesquisa Trimestral do Abate tabela 1093,https://sidra.ibge.gov.br/tabela/1093,2026-09-17,Local de abate na UF; não representa apenas Campo Grande.
abate,animais_abatidos,2024-05,Suínos,1093,218401,cabecas,Mato Grosso do Sul,50,estado,ano_completo,IBGE Pesquisa Trimestral do Abate tabela 1093,https://sidra.ibge.gov.br/tabela/1093,2026-09-17,Local de abate na UF; não representa apenas Campo Grande.
abate,animais_abatidos,2024-08,Suínos,1093,255631,cabecas,Mato Grosso do Sul,50,estado,ano_completo,IBGE Pesquisa Trimestral do Abate tabela 1093,https://sidra.ibge.gov.br/tabela/1093,2026-09-17,Local de abate na UF; não representa apenas Campo Grande.
abate,animais_abatidos,2024-11,Suínos,1093,238414,cabecas,Mato Grosso do Sul,50,estado,ano_completo,IBGE Pesquisa Trimestral do Abate tabela 1093,https://sidra.ibge.gov.br/tabela/1093,2026-09-17,Local de abate na UF; não representa apenas Campo Grande.
abate,animais_abatidos,2025-02,Suínos,1093,191575,cabecas,Mato Grosso do Sul,50,estado,ano_completo,IBGE Pesquisa Trimestral do Abate tabela 1093,https://sidra.ibge.gov.br/tabela/1093,2026-09-17,Local de abate na UF; não representa apenas Campo Grande.
abate,animais_abatidos,2025-05,Suínos,1093,269688,cabecas,Mato Grosso do Sul,50,estado,ano_completo,IBGE Pesquisa Trimestral do Abate tabela 1093,https://sidra.ibge.gov.br/tabela/1093,2026-09-17,Local de abate na UF; não representa apenas Campo Grande.
abate,animais_abatidos,2025-08,Suínos,1093,298248,cabecas,Mato Grosso do Sul,50,estado,ano_completo,IBGE Pesquisa Trimestral do Abate tabela 1093,https://sidra.ibge.gov.br/tabela/1093,2026-09-17,Local de abate na UF; não representa apenas Campo Grande.
abate,animais_abatidos,2025-11,Suínos,1093,299100,cabecas,Mato Grosso do Sul,50,estado,ano_completo,IBGE Pesquisa Trimestral do Abate tabela 1093,https://sidra.ibge.gov.br/tabela/1093,2026-09-17,Local de abate na UF; não representa apenas Campo Grande.
abate,animais_abatidos,2026-02,Suínos,1093,322154,cabecas,Mato Grosso do Sul,50,estado,parcial_ate_junho,IBGE Pesquisa Trimestral do Abate tabela 1093,https://sidra.ibge.gov.br/tabela/1093,2026-09-17,Local de abate na UF; não representa apenas Campo Grande.
abate,animais_abatidos,2026-05,Suínos,1093,333113,cabecas,Mato Grosso do Sul,50,estado,parcial_ate_junho,IBGE Pesquisa Trimestral do Abate tabela 1093,https://sidra.ibge.gov.br/tabela/1093,2026-09-17,Local de abate na UF; não representa apenas Campo Grande.
abate,animais_abatidos,2024-03,Suínos,1093,216918,cabecas,Mato Grosso do Sul,50,estado,ano_completo,IBGE Pesquisa Trimestral do Abate tabela 1093,https://sidra.ibge.gov.br/tabela/1093,2026-09-17,Local de abate na UF; não representa apenas Campo Grande.
abate,animais_abatidos,2024-06,Suínos,1093,233695,cabecas,Mato Grosso do Sul,50,estado,ano_completo,IBGE Pesquisa Trimestral do Abate tabela 1093,https://sidra.ibge.gov.br/tabela/1093,2026-09-17,Local de abate na UF; não representa apenas Campo Grande.
abate,animais_abatidos,2024-09,Suínos,1093,235111,cabecas,Mato Grosso do Sul,50,estado,ano_completo,IBGE Pesquisa Trimestral do Abate tabela 1093,https://sidra.ibge.gov.br/tabela/1093,2026-09-17,Local de abate na UF; não representa apenas Campo Grande.
abate,animais_abatidos,2024-12,Suínos,1093,225338,cabecas,Mato Grosso do Sul,50,estado,ano_completo,IBGE Pesquisa Trimestral do Abate tabela 1093,https://sidra.ibge.gov.br/tabela/1093,2026-09-17,Local de abate na UF; não representa apenas Campo Grande.
abate,animais_abatidos,2025-03,Suínos,1093,179353,cabecas,Mato Grosso do Sul,50,estado,ano_completo,IBGE Pesquisa Trimestral do Abate tabela 1093,https://sidra.ibge.gov.br/tabela/1093,2026-09-17,Local de abate na UF; não representa apenas Campo Grande.
abate,animais_abatidos,2025-06,Suínos,1093,256173,cabecas,Mato Grosso do Sul,50,estado,ano_completo,IBGE Pesquisa Trimestral do Abate tabela 1093,https://sidra.ibge.gov.br/tabela/1093,2026-09-17,Local de abate na UF; não representa apenas Campo Grande.
abate,animais_abatidos,2025-09,Suínos,1093,300489,cabecas,Mato Grosso do Sul,50,estado,ano_completo,IBGE Pesquisa Trimestral do Abate tabela 1093,https://sidra.ibge.gov.br/tabela/1093,2026-09-17,Local de abate na UF; não representa apenas Campo Grande.
abate,animais_abatidos,2025-12,Suínos,1093,309937,cabecas,Mato Grosso do Sul,50,estado,ano_completo,IBGE Pesquisa Trimestral do Abate tabela 1093,https://sidra.ibge.gov.br/tabela/1093,2026-09-17,Local de abate na UF; não representa apenas Campo Grande.
abate,animais_abatidos,2026-03,Suínos,1093,345738,cabecas,Mato Grosso do Sul,50,estado,parcial_ate_junho,IBGE Pesquisa Trimestral do Abate tabela 1093,https://sidra.ibge.gov.br/tabela/1093,2026-09-17,Local de abate na UF; não representa apenas Campo Grande.
abate,animais_abatidos,2026-06,Suínos,1093,344386,cabecas,Mato Grosso do Sul,50,estado,parcial_ate_junho,IBGE Pesquisa Trimestral do Abate tabela 1093,https://sidra.ibge.gov.br/tabela/1093,2026-09-17,Local de abate na UF; não representa apenas Campo Grande.
abate,peso_carcacas,2024-01,Suínos,1093,19793174,kg,Mato Grosso do Sul,50,estado,ano_completo,IBGE Pesquisa Trimestral do Abate tabela 1093,https://sidra.ibge.gov.br/tabela/1093,2026-09-17,Local de abate na UF; não representa apenas Campo Grande.
abate,peso_carcacas,2024-04,Suínos,1093,21064317,kg,Mato Grosso do Sul,50,estado,ano_completo,IBGE Pesquisa Trimestral do Abate tabela 1093,https://sidra.ibge.gov.br/tabela/1093,2026-09-17,Local de abate na UF; não representa apenas Campo Grande.
abate,peso_carcacas,2024-07,Suínos,1093,23653894,kg,Mato Grosso do Sul,50,estado,ano_completo,IBGE Pesquisa Trimestral do Abate tabela 1093,https://sidra.ibge.gov.br/tabela/1093,2026-09-17,Local de abate na UF; não representa apenas Campo Grande.
abate,peso_carcacas,2024-10,Suínos,1093,22338975,kg,Mato Grosso do Sul,50,estado,ano_completo,IBGE Pesquisa Trimestral do Abate tabela 1093,https://sidra.ibge.gov.br/tabela/1093,2026-09-17,Local de abate na UF; não representa apenas Campo Grande.
abate,peso_carcacas,2025-01,Suínos,1093,12826242,kg,Mato Grosso do Sul,50,estado,ano_completo,IBGE Pesquisa Trimestral do Abate tabela 1093,https://sidra.ibge.gov.br/tabela/1093,2026-09-17,Local de abate na UF; não representa apenas Campo Grande.
abate,peso_carcacas,2025-04,Suínos,1093,22994520,kg,Mato Grosso do Sul,50,estado,ano_completo,IBGE Pesquisa Trimestral do Abate tabela 1093,https://sidra.ibge.gov.br/tabela/1093,2026-09-17,Local de abate na UF; não representa apenas Campo Grande.
abate,peso_carcacas,2025-07,Suínos,1093,28576822,kg,Mato Grosso do Sul,50,estado,ano_completo,IBGE Pesquisa Trimestral do Abate tabela 1093,https://sidra.ibge.gov.br/tabela/1093,2026-09-17,Local de abate na UF; não representa apenas Campo Grande.
abate,peso_carcacas,2025-10,Suínos,1093,30296210,kg,Mato Grosso do Sul,50,estado,ano_completo,IBGE Pesquisa Trimestral do Abate tabela 1093,https://sidra.ibge.gov.br/tabela/1093,2026-09-17,Local de abate na UF; não representa apenas Campo Grande.
abate,peso_carcacas,2026-01,Suínos,1093,31631113,kg,Mato Grosso do Sul,50,estado,parcial_ate_junho,IBGE Pesquisa Trimestral do Abate tabela 1093,https://sidra.ibge.gov.br/tabela/1093,2026-09-17,Local de abate na UF; não representa apenas Campo Grande.
abate,peso_carcacas,2026-04,Suínos,1093,31556124,kg,Mato Grosso do Sul,50,estado,parcial_ate_junho,IBGE Pesquisa Trimestral do Abate tabela 1093,https://sidra.ibge.gov.br/tabela/1093,2026-09-17,Local de abate na UF; não representa apenas Campo Grande.
abate,peso_carcacas,2024-02,Suínos,1093,20308546,kg,Mato Grosso do Sul,50,estado,ano_completo,IBGE Pesquisa Trimestral do Abate tabela 1093,https://sidra.ibge.gov.br/tabela/1093,2026-09-17,Local de abate na UF; não representa apenas Campo Grande.
abate,peso_carcacas,2024-05,Suínos,1093,20908957,kg,Mato Grosso do Sul,50,estado,ano_completo,IBGE Pesquisa Trimestral do Abate tabela 1093,https://sidra.ibge.gov.br/tabela/1093,2026-09-17,Local de abate na UF; não representa apenas Campo Grande.
abate,peso_carcacas,2024-08,Suínos,1093,23868486,kg,Mato Grosso do Sul,50,estado,ano_completo,IBGE Pesquisa Trimestral do Abate tabela 1093,https://sidra.ibge.gov.br/tabela/1093,2026-09-17,Local de abate na UF; não representa apenas Campo Grande.
abate,peso_carcacas,2024-11,Suínos,1093,21778758,kg,Mato Grosso do Sul,50,estado,ano_completo,IBGE Pesquisa Trimestral do Abate tabela 1093,https://sidra.ibge.gov.br/tabela/1093,2026-09-17,Local de abate na UF; não representa apenas Campo Grande.
abate,peso_carcacas,2025-02,Suínos,1093,18240782,kg,Mato Grosso do Sul,50,estado,ano_completo,IBGE Pesquisa Trimestral do Abate tabela 1093,https://sidra.ibge.gov.br/tabela/1093,2026-09-17,Local de abate na UF; não representa apenas Campo Grande.
abate,peso_carcacas,2025-05,Suínos,1093,26038655,kg,Mato Grosso do Sul,50,estado,ano_completo,IBGE Pesquisa Trimestral do Abate tabela 1093,https://sidra.ibge.gov.br/tabela/1093,2026-09-17,Local de abate na UF; não representa apenas Campo Grande.
abate,peso_carcacas,2025-08,Suínos,1093,27985965,kg,Mato Grosso do Sul,50,estado,ano_completo,IBGE Pesquisa Trimestral do Abate tabela 1093,https://sidra.ibge.gov.br/tabela/1093,2026-09-17,Local de abate na UF; não representa apenas Campo Grande.
abate,peso_carcacas,2025-11,Suínos,1093,28405993,kg,Mato Grosso do Sul,50,estado,ano_completo,IBGE Pesquisa Trimestral do Abate tabela 1093,https://sidra.ibge.gov.br/tabela/1093,2026-09-17,Local de abate na UF; não representa apenas Campo Grande.
abate,peso_carcacas,2026-02,Suínos,1093,30329430,kg,Mato Grosso do Sul,50,estado,parcial_ate_junho,IBGE Pesquisa Trimestral do Abate tabela 1093,https://sidra.ibge.gov.br/tabela/1093,2026-09-17,Local de abate na UF; não representa apenas Campo Grande.
abate,peso_carcacas,2026-05,Suínos,1093,32400291,kg,Mato Grosso do Sul,50,estado,parcial_ate_junho,IBGE Pesquisa Trimestral do Abate tabela 1093,https://sidra.ibge.gov.br/tabela/1093,2026-09-17,Local de abate na UF; não representa apenas Campo Grande.
abate,peso_carcacas,2024-03,Suínos,1093,19826827,kg,Mato Grosso do Sul,50,estado,ano_completo,IBGE Pesquisa Trimestral do Abate tabela 1093,https://sidra.ibge.gov.br/tabela/1093,2026-09-17,Local de abate na UF; não representa apenas Campo Grande.
abate,peso_carcacas,2024-06,Suínos,1093,22095335,kg,Mato Grosso do Sul,50,estado,ano_completo,IBGE Pesquisa Trimestral do Abate tabela 1093,https://sidra.ibge.gov.br/tabela/1093,2026-09-17,Local de abate na UF; não representa apenas Campo Grande.
abate,peso_carcacas,2024-09,Suínos,1093,21586080,kg,Mato Grosso do Sul,50,estado,ano_completo,IBGE Pesquisa Trimestral do Abate tabela 1093,https://sidra.ibge.gov.br/tabela/1093,2026-09-17,Local de abate na UF; não representa apenas Campo Grande.
abate,peso_carcacas,2024-12,Suínos,1093,20220268,kg,Mato Grosso do Sul,50,estado,ano_completo,IBGE Pesquisa Trimestral do Abate tabela 1093,https://sidra.ibge.gov.br/tabela/1093,2026-09-17,Local de abate na UF; não representa apenas Campo Grande.
abate,peso_carcacas,2025-03,Suínos,1093,17093094,kg,Mato Grosso do Sul,50,estado,ano_completo,IBGE Pesquisa Trimestral do Abate tabela 1093,https://sidra.ibge.gov.br/tabela/1093,2026-09-17,Local de abate na UF; não representa apenas Campo Grande.
abate,peso_carcacas,2025-06,Suínos,1093,24604328,kg,Mato Grosso do Sul,50,estado,ano_completo,IBGE Pesquisa Trimestral do Abate tabela 1093,https://sidra.ibge.gov.br/tabela/1093,2026-09-17,Local de abate na UF; não representa apenas Campo Grande.
abate,peso_carcacas,2025-09,Suínos,1093,28017117,kg,Mato Grosso do Sul,50,estado,ano_completo,IBGE Pesquisa Trimestral do Abate tabela 1093,https://sidra.ibge.gov.br/tabela/1093,2026-09-17,Local de abate na UF; não representa apenas Campo Grande.
abate,peso_carcacas,2025-12,Suínos,1093,29333483,kg,Mato Grosso do Sul,50,estado,ano_completo,IBGE Pesquisa Trimestral do Abate tabela 1093,https://sidra.ibge.gov.br/tabela/1093,2026-09-17,Local de abate na UF; não representa apenas Campo Grande.
abate,peso_carcacas,2026-03,Suínos,1093,32852043,kg,Mato Grosso do Sul,50,estado,parcial_ate_junho,IBGE Pesquisa Trimestral do Abate tabela 1093,https://sidra.ibge.gov.br/tabela/1093,2026-09-17,Local de abate na UF; não representa apenas Campo Grande.
abate,peso_carcacas,2026-06,Suínos,1093,34036554,kg,Mato Grosso do Sul,50,estado,parcial_ate_junho,IBGE Pesquisa Trimestral do Abate tabela 1093,https://sidra.ibge.gov.br/tabela/1093,2026-09-17,Local de abate na UF; não representa apenas Campo Grande.
abate,animais_abatidos,2024-01,Frangos,1094,15413155,cabecas,Mato Grosso do Sul,50,estado,ano_completo,IBGE Pesquisa Trimestral do Abate tabela 1094,https://sidra.ibge.gov.br/tabela/1094,2026-09-17,Local de abate na UF; não representa apenas Campo Grande.
abate,animais_abatidos,2024-04,Frangos,1094,15243979,cabecas,Mato Grosso do Sul,50,estado,ano_completo,IBGE Pesquisa Trimestral do Abate tabela 1094,https://sidra.ibge.gov.br/tabela/1094,2026-09-17,Local de abate na UF; não representa apenas Campo Grande.
abate,animais_abatidos,2024-07,Frangos,1094,16685380,cabecas,Mato Grosso do Sul,50,estado,ano_completo,IBGE Pesquisa Trimestral do Abate tabela 1094,https://sidra.ibge.gov.br/tabela/1094,2026-09-17,Local de abate na UF; não representa apenas Campo Grande.
abate,animais_abatidos,2024-10,Frangos,1094,15022616,cabecas,Mato Grosso do Sul,50,estado,ano_completo,IBGE Pesquisa Trimestral do Abate tabela 1094,https://sidra.ibge.gov.br/tabela/1094,2026-09-17,Local de abate na UF; não representa apenas Campo Grande.
abate,animais_abatidos,2025-01,Frangos,1094,14818248,cabecas,Mato Grosso do Sul,50,estado,ano_completo,IBGE Pesquisa Trimestral do Abate tabela 1094,https://sidra.ibge.gov.br/tabela/1094,2026-09-17,Local de abate na UF; não representa apenas Campo Grande.
abate,animais_abatidos,2025-04,Frangos,1094,14764514,cabecas,Mato Grosso do Sul,50,estado,ano_completo,IBGE Pesquisa Trimestral do Abate tabela 1094,https://sidra.ibge.gov.br/tabela/1094,2026-09-17,Local de abate na UF; não representa apenas Campo Grande.
abate,animais_abatidos,2025-07,Frangos,1094,16615236,cabecas,Mato Grosso do Sul,50,estado,ano_completo,IBGE Pesquisa Trimestral do Abate tabela 1094,https://sidra.ibge.gov.br/tabela/1094,2026-09-17,Local de abate na UF; não representa apenas Campo Grande.
abate,animais_abatidos,2025-10,Frangos,1094,14153098,cabecas,Mato Grosso do Sul,50,estado,ano_completo,IBGE Pesquisa Trimestral do Abate tabela 1094,https://sidra.ibge.gov.br/tabela/1094,2026-09-17,Local de abate na UF; não representa apenas Campo Grande.
abate,animais_abatidos,2026-01,Frangos,1094,15363233,cabecas,Mato Grosso do Sul,50,estado,parcial_ate_junho,IBGE Pesquisa Trimestral do Abate tabela 1094,https://sidra.ibge.gov.br/tabela/1094,2026-09-17,Local de abate na UF; não representa apenas Campo Grande.
abate,animais_abatidos,2026-04,Frangos,1094,15633085,cabecas,Mato Grosso do Sul,50,estado,parcial_ate_junho,IBGE Pesquisa Trimestral do Abate tabela 1094,https://sidra.ibge.gov.br/tabela/1094,2026-09-17,Local de abate na UF; não representa apenas Campo Grande.
abate,animais_abatidos,2024-02,Frangos,1094,15518095,cabecas,Mato Grosso do Sul,50,estado,ano_completo,IBGE Pesquisa Trimestral do Abate tabela 1094,https://sidra.ibge.gov.br/tabela/1094,2026-09-17,Local de abate na UF; não representa apenas Campo Grande.
abate,animais_abatidos,2024-05,Frangos,1094,15982261,cabecas,Mato Grosso do Sul,50,estado,ano_completo,IBGE Pesquisa Trimestral do Abate tabela 1094,https://sidra.ibge.gov.br/tabela/1094,2026-09-17,Local de abate na UF; não representa apenas Campo Grande.
abate,animais_abatidos,2024-08,Frangos,1094,16319013,cabecas,Mato Grosso do Sul,50,estado,ano_completo,IBGE Pesquisa Trimestral do Abate tabela 1094,https://sidra.ibge.gov.br/tabela/1094,2026-09-17,Local de abate na UF; não representa apenas Campo Grande.
abate,animais_abatidos,2024-11,Frangos,1094,14785746,cabecas,Mato Grosso do Sul,50,estado,ano_completo,IBGE Pesquisa Trimestral do Abate tabela 1094,https://sidra.ibge.gov.br/tabela/1094,2026-09-17,Local de abate na UF; não representa apenas Campo Grande.
abate,animais_abatidos,2025-02,Frangos,1094,14363511,cabecas,Mato Grosso do Sul,50,estado,ano_completo,IBGE Pesquisa Trimestral do Abate tabela 1094,https://sidra.ibge.gov.br/tabela/1094,2026-09-17,Local de abate na UF; não representa apenas Campo Grande.
abate,animais_abatidos,2025-05,Frangos,1094,16147979,cabecas,Mato Grosso do Sul,50,estado,ano_completo,IBGE Pesquisa Trimestral do Abate tabela 1094,https://sidra.ibge.gov.br/tabela/1094,2026-09-17,Local de abate na UF; não representa apenas Campo Grande.
abate,animais_abatidos,2025-08,Frangos,1094,15175020,cabecas,Mato Grosso do Sul,50,estado,ano_completo,IBGE Pesquisa Trimestral do Abate tabela 1094,https://sidra.ibge.gov.br/tabela/1094,2026-09-17,Local de abate na UF; não representa apenas Campo Grande.
abate,animais_abatidos,2025-11,Frangos,1094,14559589,cabecas,Mato Grosso do Sul,50,estado,ano_completo,IBGE Pesquisa Trimestral do Abate tabela 1094,https://sidra.ibge.gov.br/tabela/1094,2026-09-17,Local de abate na UF; não representa apenas Campo Grande.
abate,animais_abatidos,2026-02,Frangos,1094,14796814,cabecas,Mato Grosso do Sul,50,estado,parcial_ate_junho,IBGE Pesquisa Trimestral do Abate tabela 1094,https://sidra.ibge.gov.br/tabela/1094,2026-09-17,Local de abate na UF; não representa apenas Campo Grande.
abate,animais_abatidos,2026-05,Frangos,1094,15692962,cabecas,Mato Grosso do Sul,50,estado,parcial_ate_junho,IBGE Pesquisa Trimestral do Abate tabela 1094,https://sidra.ibge.gov.br/tabela/1094,2026-09-17,Local de abate na UF; não representa apenas Campo Grande.
abate,animais_abatidos,2024-03,Frangos,1094,14534382,cabecas,Mato Grosso do Sul,50,estado,ano_completo,IBGE Pesquisa Trimestral do Abate tabela 1094,https://sidra.ibge.gov.br/tabela/1094,2026-09-17,Local de abate na UF; não representa apenas Campo Grande.
abate,animais_abatidos,2024-06,Frangos,1094,15461667,cabecas,Mato Grosso do Sul,50,estado,ano_completo,IBGE Pesquisa Trimestral do Abate tabela 1094,https://sidra.ibge.gov.br/tabela/1094,2026-09-17,Local de abate na UF; não representa apenas Campo Grande.
abate,animais_abatidos,2024-09,Frangos,1094,14001694,cabecas,Mato Grosso do Sul,50,estado,ano_completo,IBGE Pesquisa Trimestral do Abate tabela 1094,https://sidra.ibge.gov.br/tabela/1094,2026-09-17,Local de abate na UF; não representa apenas Campo Grande.
abate,animais_abatidos,2024-12,Frangos,1094,14103548,cabecas,Mato Grosso do Sul,50,estado,ano_completo,IBGE Pesquisa Trimestral do Abate tabela 1094,https://sidra.ibge.gov.br/tabela/1094,2026-09-17,Local de abate na UF; não representa apenas Campo Grande.
abate,animais_abatidos,2025-03,Frangos,1094,15023470,cabecas,Mato Grosso do Sul,50,estado,ano_completo,IBGE Pesquisa Trimestral do Abate tabela 1094,https://sidra.ibge.gov.br/tabela/1094,2026-09-17,Local de abate na UF; não representa apenas Campo Grande.
abate,animais_abatidos,2025-06,Frangos,1094,14334540,cabecas,Mato Grosso do Sul,50,estado,ano_completo,IBGE Pesquisa Trimestral do Abate tabela 1094,https://sidra.ibge.gov.br/tabela/1094,2026-09-17,Local de abate na UF; não representa apenas Campo Grande.
abate,animais_abatidos,2025-09,Frangos,1094,14731819,cabecas,Mato Grosso do Sul,50,estado,ano_completo,IBGE Pesquisa Trimestral do Abate tabela 1094,https://sidra.ibge.gov.br/tabela/1094,2026-09-17,Local de abate na UF; não representa apenas Campo Grande.
abate,animais_abatidos,2025-12,Frangos,1094,14472121,cabecas,Mato Grosso do Sul,50,estado,ano_completo,IBGE Pesquisa Trimestral do Abate tabela 1094,https://sidra.ibge.gov.br/tabela/1094,2026-09-17,Local de abate na UF; não representa apenas Campo Grande.
abate,animais_abatidos,2026-03,Frangos,1094,16101924,cabecas,Mato Grosso do Sul,50,estado,parcial_ate_junho,IBGE Pesquisa Trimestral do Abate tabela 1094,https://sidra.ibge.gov.br/tabela/1094,2026-09-17,Local de abate na UF; não representa apenas Campo Grande.
abate,animais_abatidos,2026-06,Frangos,1094,14795456,cabecas,Mato Grosso do Sul,50,estado,parcial_ate_junho,IBGE Pesquisa Trimestral do Abate tabela 1094,https://sidra.ibge.gov.br/tabela/1094,2026-09-17,Local de abate na UF; não representa apenas Campo Grande.
abate,peso_carcacas,2024-01,Frangos,1094,34611568,kg,Mato Grosso do Sul,50,estado,ano_completo,IBGE Pesquisa Trimestral do Abate tabela 1094,https://sidra.ibge.gov.br/tabela/1094,2026-09-17,Local de abate na UF; não representa apenas Campo Grande.
abate,peso_carcacas,2024-04,Frangos,1094,33951837,kg,Mato Grosso do Sul,50,estado,ano_completo,IBGE Pesquisa Trimestral do Abate tabela 1094,https://sidra.ibge.gov.br/tabela/1094,2026-09-17,Local de abate na UF; não representa apenas Campo Grande.
abate,peso_carcacas,2024-07,Frangos,1094,37470425,kg,Mato Grosso do Sul,50,estado,ano_completo,IBGE Pesquisa Trimestral do Abate tabela 1094,https://sidra.ibge.gov.br/tabela/1094,2026-09-17,Local de abate na UF; não representa apenas Campo Grande.
abate,peso_carcacas,2024-10,Frangos,1094,35115423,kg,Mato Grosso do Sul,50,estado,ano_completo,IBGE Pesquisa Trimestral do Abate tabela 1094,https://sidra.ibge.gov.br/tabela/1094,2026-09-17,Local de abate na UF; não representa apenas Campo Grande.
abate,peso_carcacas,2025-01,Frangos,1094,34760223,kg,Mato Grosso do Sul,50,estado,ano_completo,IBGE Pesquisa Trimestral do Abate tabela 1094,https://sidra.ibge.gov.br/tabela/1094,2026-09-17,Local de abate na UF; não representa apenas Campo Grande.
abate,peso_carcacas,2025-04,Frangos,1094,35412866,kg,Mato Grosso do Sul,50,estado,ano_completo,IBGE Pesquisa Trimestral do Abate tabela 1094,https://sidra.ibge.gov.br/tabela/1094,2026-09-17,Local de abate na UF; não representa apenas Campo Grande.
abate,peso_carcacas,2025-07,Frangos,1094,39080427,kg,Mato Grosso do Sul,50,estado,ano_completo,IBGE Pesquisa Trimestral do Abate tabela 1094,https://sidra.ibge.gov.br/tabela/1094,2026-09-17,Local de abate na UF; não representa apenas Campo Grande.
abate,peso_carcacas,2025-10,Frangos,1094,33734682,kg,Mato Grosso do Sul,50,estado,ano_completo,IBGE Pesquisa Trimestral do Abate tabela 1094,https://sidra.ibge.gov.br/tabela/1094,2026-09-17,Local de abate na UF; não representa apenas Campo Grande.
abate,peso_carcacas,2026-01,Frangos,1094,36847044,kg,Mato Grosso do Sul,50,estado,parcial_ate_junho,IBGE Pesquisa Trimestral do Abate tabela 1094,https://sidra.ibge.gov.br/tabela/1094,2026-09-17,Local de abate na UF; não representa apenas Campo Grande.
abate,peso_carcacas,2026-04,Frangos,1094,37710503,kg,Mato Grosso do Sul,50,estado,parcial_ate_junho,IBGE Pesquisa Trimestral do Abate tabela 1094,https://sidra.ibge.gov.br/tabela/1094,2026-09-17,Local de abate na UF; não representa apenas Campo Grande.
abate,peso_carcacas,2024-02,Frangos,1094,35351854,kg,Mato Grosso do Sul,50,estado,ano_completo,IBGE Pesquisa Trimestral do Abate tabela 1094,https://sidra.ibge.gov.br/tabela/1094,2026-09-17,Local de abate na UF; não representa apenas Campo Grande.
abate,peso_carcacas,2024-05,Frangos,1094,35781089,kg,Mato Grosso do Sul,50,estado,ano_completo,IBGE Pesquisa Trimestral do Abate tabela 1094,https://sidra.ibge.gov.br/tabela/1094,2026-09-17,Local de abate na UF; não representa apenas Campo Grande.
abate,peso_carcacas,2024-08,Frangos,1094,36988086,kg,Mato Grosso do Sul,50,estado,ano_completo,IBGE Pesquisa Trimestral do Abate tabela 1094,https://sidra.ibge.gov.br/tabela/1094,2026-09-17,Local de abate na UF; não representa apenas Campo Grande.
abate,peso_carcacas,2024-11,Frangos,1094,33365357,kg,Mato Grosso do Sul,50,estado,ano_completo,IBGE Pesquisa Trimestral do Abate tabela 1094,https://sidra.ibge.gov.br/tabela/1094,2026-09-17,Local de abate na UF; não representa apenas Campo Grande.
abate,peso_carcacas,2025-02,Frangos,1094,33251465,kg,Mato Grosso do Sul,50,estado,ano_completo,IBGE Pesquisa Trimestral do Abate tabela 1094,https://sidra.ibge.gov.br/tabela/1094,2026-09-17,Local de abate na UF; não representa apenas Campo Grande.
abate,peso_carcacas,2025-05,Frangos,1094,38976039,kg,Mato Grosso do Sul,50,estado,ano_completo,IBGE Pesquisa Trimestral do Abate tabela 1094,https://sidra.ibge.gov.br/tabela/1094,2026-09-17,Local de abate na UF; não representa apenas Campo Grande.
abate,peso_carcacas,2025-08,Frangos,1094,36203290,kg,Mato Grosso do Sul,50,estado,ano_completo,IBGE Pesquisa Trimestral do Abate tabela 1094,https://sidra.ibge.gov.br/tabela/1094,2026-09-17,Local de abate na UF; não representa apenas Campo Grande.
abate,peso_carcacas,2025-11,Frangos,1094,35542487,kg,Mato Grosso do Sul,50,estado,ano_completo,IBGE Pesquisa Trimestral do Abate tabela 1094,https://sidra.ibge.gov.br/tabela/1094,2026-09-17,Local de abate na UF; não representa apenas Campo Grande.
abate,peso_carcacas,2026-02,Frangos,1094,34355789,kg,Mato Grosso do Sul,50,estado,parcial_ate_junho,IBGE Pesquisa Trimestral do Abate tabela 1094,https://sidra.ibge.gov.br/tabela/1094,2026-09-17,Local de abate na UF; não representa apenas Campo Grande.
abate,peso_carcacas,2026-05,Frangos,1094,38579000,kg,Mato Grosso do Sul,50,estado,parcial_ate_junho,IBGE Pesquisa Trimestral do Abate tabela 1094,https://sidra.ibge.gov.br/tabela/1094,2026-09-17,Local de abate na UF; não representa apenas Campo Grande.
abate,peso_carcacas,2024-03,Frangos,1094,32573722,kg,Mato Grosso do Sul,50,estado,ano_completo,IBGE Pesquisa Trimestral do Abate tabela 1094,https://sidra.ibge.gov.br/tabela/1094,2026-09-17,Local de abate na UF; não representa apenas Campo Grande.
abate,peso_carcacas,2024-06,Frangos,1094,33973608,kg,Mato Grosso do Sul,50,estado,ano_completo,IBGE Pesquisa Trimestral do Abate tabela 1094,https://sidra.ibge.gov.br/tabela/1094,2026-09-17,Local de abate na UF; não representa apenas Campo Grande.
abate,peso_carcacas,2024-09,Frangos,1094,32406914,kg,Mato Grosso do Sul,50,estado,ano_completo,IBGE Pesquisa Trimestral do Abate tabela 1094,https://sidra.ibge.gov.br/tabela/1094,2026-09-17,Local de abate na UF; não representa apenas Campo Grande.
abate,peso_carcacas,2024-12,Frangos,1094,32078057,kg,Mato Grosso do Sul,50,estado,ano_completo,IBGE Pesquisa Trimestral do Abate tabela 1094,https://sidra.ibge.gov.br/tabela/1094,2026-09-17,Local de abate na UF; não representa apenas Campo Grande.
abate,peso_carcacas,2025-03,Frangos,1094,35006607,kg,Mato Grosso do Sul,50,estado,ano_completo,IBGE Pesquisa Trimestral do Abate tabela 1094,https://sidra.ibge.gov.br/tabela/1094,2026-09-17,Local de abate na UF; não representa apenas Campo Grande.
abate,peso_carcacas,2025-06,Frangos,1094,33691025,kg,Mato Grosso do Sul,50,estado,ano_completo,IBGE Pesquisa Trimestral do Abate tabela 1094,https://sidra.ibge.gov.br/tabela/1094,2026-09-17,Local de abate na UF; não representa apenas Campo Grande.
abate,peso_carcacas,2025-09,Frangos,1094,34003249,kg,Mato Grosso do Sul,50,estado,ano_completo,IBGE Pesquisa Trimestral do Abate tabela 1094,https://sidra.ibge.gov.br/tabela/1094,2026-09-17,Local de abate na UF; não representa apenas Campo Grande.
abate,peso_carcacas,2025-12,Frangos,1094,33859348,kg,Mato Grosso do Sul,50,estado,ano_completo,IBGE Pesquisa Trimestral do Abate tabela 1094,https://sidra.ibge.gov.br/tabela/1094,2026-09-17,Local de abate na UF; não representa apenas Campo Grande.
abate,peso_carcacas,2026-03,Frangos,1094,38029999,kg,Mato Grosso do Sul,50,estado,parcial_ate_junho,IBGE Pesquisa Trimestral do Abate tabela 1094,https://sidra.ibge.gov.br/tabela/1094,2026-09-17,Local de abate na UF; não representa apenas Campo Grande.
abate,peso_carcacas,2026-06,Frangos,1094,35425606,kg,Mato Grosso do Sul,50,estado,parcial_ate_junho,IBGE Pesquisa Trimestral do Abate tabela 1094,https://sidra.ibge.gov.br/tabela/1094,2026-09-17,Local de abate na UF; não representa apenas Campo Grande.
abate,animais_abatidos,2024,Bovinos,1092,3755417,cabecas,Mato Grosso do Sul,50,estado,ano_completo,Soma mensal de IBGE tabela 1092,https://sidra.ibge.gov.br/tabela/1092,2026-09-17,Soma dos 12 meses; local de abate na UF.
abate,animais_abatidos,2025,Bovinos,1092,3930703,cabecas,Mato Grosso do Sul,50,estado,ano_completo,Soma mensal de IBGE tabela 1092,https://sidra.ibge.gov.br/tabela/1092,2026-09-17,Soma dos 12 meses; local de abate na UF.
abate,animais_abatidos,2026,Bovinos,1092,1900865,cabecas,Mato Grosso do Sul,50,estado,parcial_ate_junho,Soma mensal de IBGE tabela 1092,https://sidra.ibge.gov.br/tabela/1092,2026-09-17,Acumulado de janeiro a junho; não comparar diretamente com anos completos.
abate,peso_carcacas,2024,Bovinos,1092,1016173279,kg,Mato Grosso do Sul,50,estado,ano_completo,Soma mensal de IBGE tabela 1092,https://sidra.ibge.gov.br/tabela/1092,2026-09-17,Soma dos 12 meses; local de abate na UF.
abate,peso_carcacas,2025,Bovinos,1092,1055297390,kg,Mato Grosso do Sul,50,estado,ano_completo,Soma mensal de IBGE tabela 1092,https://sidra.ibge.gov.br/tabela/1092,2026-09-17,Soma dos 12 meses; local de abate na UF.
abate,peso_carcacas,2026,Bovinos,1092,511594657,kg,Mato Grosso do Sul,50,estado,parcial_ate_junho,Soma mensal de IBGE tabela 1092,https://sidra.ibge.gov.br/tabela/1092,2026-09-17,Acumulado de janeiro a junho; não comparar diretamente com anos completos.
abate,animais_abatidos,2024,Suínos,1093,2783640,cabecas,Mato Grosso do Sul,50,estado,ano_completo,Soma mensal de IBGE tabela 1093,https://sidra.ibge.gov.br/tabela/1093,2026-09-17,Soma dos 12 meses; local de abate na UF.
abate,animais_abatidos,2025,Suínos,1093,3108277,cabecas,Mato Grosso do Sul,50,estado,ano_completo,Soma mensal de IBGE tabela 1093,https://sidra.ibge.gov.br/tabela/1093,2026-09-17,Soma dos 12 meses; local de abate na UF.
abate,animais_abatidos,2026,Suínos,1093,2005074,cabecas,Mato Grosso do Sul,50,estado,parcial_ate_junho,Soma mensal de IBGE tabela 1093,https://sidra.ibge.gov.br/tabela/1093,2026-09-17,Acumulado de janeiro a junho; não comparar diretamente com anos completos.
abate,peso_carcacas,2024,Suínos,1093,257443617,kg,Mato Grosso do Sul,50,estado,ano_completo,Soma mensal de IBGE tabela 1093,https://sidra.ibge.gov.br/tabela/1093,2026-09-17,Soma dos 12 meses; local de abate na UF.
abate,peso_carcacas,2025,Suínos,1093,294413211,kg,Mato Grosso do Sul,50,estado,ano_completo,Soma mensal de IBGE tabela 1093,https://sidra.ibge.gov.br/tabela/1093,2026-09-17,Soma dos 12 meses; local de abate na UF.
abate,peso_carcacas,2026,Suínos,1093,192805555,kg,Mato Grosso do Sul,50,estado,parcial_ate_junho,Soma mensal de IBGE tabela 1093,https://sidra.ibge.gov.br/tabela/1093,2026-09-17,Acumulado de janeiro a junho; não comparar diretamente com anos completos.
abate,animais_abatidos,2024,Frangos,1094,183071536,cabecas,Mato Grosso do Sul,50,estado,ano_completo,Soma mensal de IBGE tabela 1094,https://sidra.ibge.gov.br/tabela/1094,2026-09-17,Soma dos 12 meses; local de abate na UF.
abate,animais_abatidos,2025,Frangos,1094,179159145,cabecas,Mato Grosso do Sul,50,estado,ano_completo,Soma mensal de IBGE tabela 1094,https://sidra.ibge.gov.br/tabela/1094,2026-09-17,Soma dos 12 meses; local de abate na UF.
abate,animais_abatidos,2026,Frangos,1094,92383474,cabecas,Mato Grosso do Sul,50,estado,parcial_ate_junho,Soma mensal de IBGE tabela 1094,https://sidra.ibge.gov.br/tabela/1094,2026-09-17,Acumulado de janeiro a junho; não comparar diretamente com anos completos.
abate,peso_carcacas,2024,Frangos,1094,413667940,kg,Mato Grosso do Sul,50,estado,ano_completo,Soma mensal de IBGE tabela 1094,https://sidra.ibge.gov.br/tabela/1094,2026-09-17,Soma dos 12 meses; local de abate na UF.
abate,peso_carcacas,2025,Frangos,1094,423521708,kg,Mato Grosso do Sul,50,estado,ano_completo,Soma mensal de IBGE tabela 1094,https://sidra.ibge.gov.br/tabela/1094,2026-09-17,Soma dos 12 meses; local de abate na UF.
abate,peso_carcacas,2026,Frangos,1094,220947941,kg,Mato Grosso do Sul,50,estado,parcial_ate_junho,Soma mensal de IBGE tabela 1094,https://sidra.ibge.gov.br/tabela/1094,2026-09-17,Acumulado de janeiro a junho; não comparar diretamente com anos completos.
abate,animais_abatidos,2024,Três espécies do painel,,189610593,cabecas,Mato Grosso do Sul,50,estado,ano_completo,"Cálculo sobre IBGE tabelas 1092, 1093 e 1094",https://sidra.ibge.gov.br/pesquisa/abate/tabelas,2026-09-17,"Soma de bovinos, suínos e frangos; local de abate na UF."
abate,peso_carcacas,2024,Três espécies do painel,,1687284836,kg,Mato Grosso do Sul,50,estado,ano_completo,"Cálculo sobre IBGE tabelas 1092, 1093 e 1094",https://sidra.ibge.gov.br/pesquisa/abate/tabelas,2026-09-17,"Soma de bovinos, suínos e frangos; local de abate na UF."
abate,animais_abatidos,2025,Três espécies do painel,,186198125,cabecas,Mato Grosso do Sul,50,estado,ano_completo,"Cálculo sobre IBGE tabelas 1092, 1093 e 1094",https://sidra.ibge.gov.br/pesquisa/abate/tabelas,2026-09-17,"Soma de bovinos, suínos e frangos; local de abate na UF."
abate,peso_carcacas,2025,Três espécies do painel,,1773232309,kg,Mato Grosso do Sul,50,estado,ano_completo,"Cálculo sobre IBGE tabelas 1092, 1093 e 1094",https://sidra.ibge.gov.br/pesquisa/abate/tabelas,2026-09-17,"Soma de bovinos, suínos e frangos; local de abate na UF."
abate,animais_abatidos,2026,Três espécies do painel,,96289413,cabecas,Mato Grosso do Sul,50,estado,parcial_ate_junho,"Cálculo sobre IBGE tabelas 1092, 1093 e 1094",https://sidra.ibge.gov.br/pesquisa/abate/tabelas,2026-09-17,Acumulado janeiro a junho.
abate,peso_carcacas,2026,Três espécies do painel,,925348153,kg,Mato Grosso do Sul,50,estado,parcial_ate_junho,"Cálculo sobre IBGE tabelas 1092, 1093 e 1094",https://sidra.ibge.gov.br/pesquisa/abate/tabelas,2026-09-17,Acumulado janeiro a junho.
