tipo_periodo;inicio;fim;tratamento;municipio_ibge;municipio;uf;admissoes;desligamentos;saldo;data_extracao;fonte_pagina;fonte_arquivo;localizacao_na_fonte
mes;2026-01-01;2026-01-31;sem_ajuste;5002704;Campo Grande;MS;12210;11800;410;2026-09-18;https://www.gov.br/trabalho-e-emprego/pt-br/acesso-a-informacao/acoes-e-programas/programas-projetos-acoes-obras-e-atividades/estatisticas-trabalho/novo-caged/2026/janeiro/pagina-inicial;https://drive.google.com/file/d/1s7rggwgbaNgU9e0Ih6HxQ4Ic8dw8FoYz/view;"Tabela 3; linha 5129"
mes;2026-02-01;2026-02-28;sem_ajuste;5002704;Campo Grande;MS;13420;12151;1269;2026-09-18;https://www.gov.br/trabalho-e-emprego/pt-br/acesso-a-informacao/acoes-e-programas/programas-projetos-acoes-obras-e-atividades/estatisticas-trabalho/novo-caged/2026/fevereiro/pagina-inicial;https://drive.google.com/file/d/1CJxXqqIsj6HnzmcSFa0-YMQH5h7AtadY/view;"Tabela 3; linha 5129"
mes;2026-03-01;2026-03-31;sem_ajuste;5002704;Campo Grande;MS;14434;13006;1428;2026-09-18;https://www.gov.br/trabalho-e-emprego/pt-br/acesso-a-informacao/acoes-e-programas/programas-projetos-acoes-obras-e-atividades/estatisticas-trabalho/novo-caged/2026/marco/pagina-inicial;https://drive.google.com/file/d/1VMuxRR4DSETow7ZkE839VLdrISGykbQE/view;"Tabela 3; linha 5129"
mes;2026-04-01;2026-04-30;sem_ajuste;5002704;Campo Grande;MS;12353;12638;-285;2026-09-18;https://www.gov.br/trabalho-e-emprego/pt-br/acesso-a-informacao/acoes-e-programas/programas-projetos-acoes-obras-e-atividades/estatisticas-trabalho/novo-caged/2026/abril/pagina-inicial;https://drive.google.com/file/d/1DGsgqWdKzkuA8dgffOw_Bs2Q_jJbZjDH/view;"Tabela 3; linha 5129"
mes;2026-05-01;2026-05-31;sem_ajuste;5002704;Campo Grande;MS;12442;11925;517;2026-09-18;https://www.gov.br/trabalho-e-emprego/pt-br/acesso-a-informacao/acoes-e-programas/programas-projetos-acoes-obras-e-atividades/estatisticas-trabalho/novo-caged/2026/maio/pagina-inicial;https://drive.google.com/file/d/12DjeOFjIgeJNp-3OxslJqJNNmA1ViQMj/view;"Tabela 3; linha 5129"
mes;2026-06-01;2026-06-30;sem_ajuste;5002704;Campo Grande;MS;11442;11139;303;2026-09-18;https://www.gov.br/trabalho-e-emprego/pt-br/acesso-a-informacao/acoes-e-programas/programas-projetos-acoes-obras-e-atividades/estatisticas-trabalho/novo-caged/2026/junho/pagina-inicial;https://drive.google.com/file/d/1MaSds8Up0n9yuhac5LFVSxSrJQXY8hTW/view;"Tabela 3; linha 5129"
mes;2026-07-01;2026-07-31;sem_ajuste;5002704;Campo Grande;MS;12159;12299;-140;2026-09-18;https://www.gov.br/trabalho-e-emprego/pt-br/acesso-a-informacao/acoes-e-programas/programas-projetos-acoes-obras-e-atividades/estatisticas-trabalho/novo-caged/2026/julho/pagina-inicial;https://drive.google.com/file/d/1zMmEU0lRboxrdGxtjP-gR1XpSeYCKdv8/view;"Tabela 3; linha 5129"
acumulado_ano;2026-01-01;2026-07-31;com_ajustes;5002704;Campo Grande;MS;89395;86096;3299;2026-09-18;https://www.gov.br/trabalho-e-emprego/pt-br/acesso-a-informacao/acoes-e-programas/programas-projetos-acoes-obras-e-atividades/estatisticas-trabalho/novo-caged/2026/julho/pagina-inicial;https://drive.google.com/file/d/1zMmEU0lRboxrdGxtjP-gR1XpSeYCKdv8/view;"Tabela 3; linha 5129"
ultimos_12_meses;2025-08-01;2026-07-31;com_ajustes;5002704;Campo Grande;MS;145304;144926;378;2026-09-18;https://www.gov.br/trabalho-e-emprego/pt-br/acesso-a-informacao/acoes-e-programas/programas-projetos-acoes-obras-e-atividades/estatisticas-trabalho/novo-caged/2026/julho/pagina-inicial;https://drive.google.com/file/d/1zMmEU0lRboxrdGxtjP-gR1XpSeYCKdv8/view;"Tabela 3; linha 5129"
