ano;municipio_ibge;municipio;uf;produto_codigo_sidra;produto;area_plantada_ha;marcador_area_plantada_ibge;area_colhida_ha;marcador_area_colhida_ibge;quantidade_produzida;unidade_quantidade;marcador_quantidade_ibge;rendimento_medio;unidade_rendimento;marcador_rendimento_ibge;valor_producao_mil_reais;marcador_valor_ibge;data_extracao;fonte_url
2015;5002704;Campo Grande;MS;40092;Abacaxi*;15;;15;;330;Toneladas;;22000;Quilogramas por Hectare;;386;;2026-09-18;https://apisidra.ibge.gov.br/values/t/5457/n6/5002704/v/all/p/2015-2025/c782/all?formato=json
2015;5002704;Campo Grande;MS;40136;Banana (cacho);30;;30;;480;Toneladas;;16000;Quilogramas por Hectare;;255;;2026-09-18;https://apisidra.ibge.gov.br/values/t/5457/n6/5002704/v/all/p/2015-2025/c782/all?formato=json
2015;5002704;Campo Grande;MS;40106;Cana-de-açúcar;3964;;3964;;211495;Toneladas;;53354;Quilogramas por Hectare;;13747;;2026-09-18;https://apisidra.ibge.gov.br/values/t/5457/n6/5002704/v/all/p/2015-2025/c782/all?formato=json
2015;5002704;Campo Grande;MS;40145;Coco-da-baía*;3;;3;;27;Toneladas;;9000;Quilogramas por Hectare;;32;;2026-09-18;https://apisidra.ibge.gov.br/values/t/5457/n6/5002704/v/all/p/2015-2025/c782/all?formato=json
2015;5002704;Campo Grande;MS;40112;Feijão (em grão);630;;630;;1210;Toneladas;;1921;Quilogramas por Hectare;;1609;;2026-09-18;https://apisidra.ibge.gov.br/values/t/5457/n6/5002704/v/all/p/2015-2025/c782/all?formato=json
2015;5002704;Campo Grande;MS;40151;Laranja;20;;20;;240;Toneladas;;12000;Quilogramas por Hectare;;124;;2026-09-18;https://apisidra.ibge.gov.br/values/t/5457/n6/5002704/v/all/p/2015-2025/c782/all?formato=json
2015;5002704;Campo Grande;MS;40152;Limão;7;;7;;70;Toneladas;;10000;Quilogramas por Hectare;;55;;2026-09-18;https://apisidra.ibge.gov.br/values/t/5457/n6/5002704/v/all/p/2015-2025/c782/all?formato=json
2015;5002704;Campo Grande;MS;40261;Mamão;28;;28;;448;Toneladas;;16000;Quilogramas por Hectare;;352;;2026-09-18;https://apisidra.ibge.gov.br/values/t/5457/n6/5002704/v/all/p/2015-2025/c782/all?formato=json
2015;5002704;Campo Grande;MS;40119;Mandioca;190;;190;;2850;Toneladas;;15000;Quilogramas por Hectare;;1625;;2026-09-18;https://apisidra.ibge.gov.br/values/t/5457/n6/5002704/v/all/p/2015-2025/c782/all?formato=json
2015;5002704;Campo Grande;MS;40120;Melancia;3;;3;;45;Toneladas;;15000;Quilogramas por Hectare;;34;;2026-09-18;https://apisidra.ibge.gov.br/values/t/5457/n6/5002704/v/all/p/2015-2025/c782/all?formato=json
2015;5002704;Campo Grande;MS;40122;Milho (em grão);25000;;25000;;120000;Toneladas;;4800;Quilogramas por Hectare;;36000;;2026-09-18;https://apisidra.ibge.gov.br/values/t/5457/n6/5002704/v/all/p/2015-2025/c782/all?formato=json
2015;5002704;Campo Grande;MS;40124;Soja (em grão);33360;;33360;;99864;Toneladas;;2994;Quilogramas por Hectare;;86577;;2026-09-18;https://apisidra.ibge.gov.br/values/t/5457/n6/5002704/v/all/p/2015-2025/c782/all?formato=json
2015;5002704;Campo Grande;MS;40125;Sorgo (em grão);450;;450;;1350;Toneladas;;3000;Quilogramas por Hectare;;351;;2026-09-18;https://apisidra.ibge.gov.br/values/t/5457/n6/5002704/v/all/p/2015-2025/c782/all?formato=json
2015;5002704;Campo Grande;MS;40271;Tangerina;5;;5;;50;Toneladas;;10000;Quilogramas por Hectare;;26;;2026-09-18;https://apisidra.ibge.gov.br/values/t/5457/n6/5002704/v/all/p/2015-2025/c782/all?formato=json
2015;5002704;Campo Grande;MS;40126;Tomate;9;;9;;360;Toneladas;;40000;Quilogramas por Hectare;;1080;;2026-09-18;https://apisidra.ibge.gov.br/values/t/5457/n6/5002704/v/all/p/2015-2025/c782/all?formato=json
2015;5002704;Campo Grande;MS;40127;Trigo (em grão);570;;570;;1026;Toneladas;;1800;Quilogramas por Hectare;;662;;2026-09-18;https://apisidra.ibge.gov.br/values/t/5457/n6/5002704/v/all/p/2015-2025/c782/all?formato=json
2015;5002704;Campo Grande;MS;40274;Uva;3;;3;;40;Toneladas;;13333;Quilogramas por Hectare;;300;;2026-09-18;https://apisidra.ibge.gov.br/values/t/5457/n6/5002704/v/all/p/2015-2025/c782/all?formato=json
2016;5002704;Campo Grande;MS;40092;Abacaxi*;15;;15;;330;Toneladas;;22000;Quilogramas por Hectare;;562;;2026-09-18;https://apisidra.ibge.gov.br/values/t/5457/n6/5002704/v/all/p/2015-2025/c782/all?formato=json
2016;5002704;Campo Grande;MS;40099;Algodão herbáceo (em caroço);240;;240;;480;Toneladas;;2000;Quilogramas por Hectare;;773;;2026-09-18;https://apisidra.ibge.gov.br/values/t/5457/n6/5002704/v/all/p/2015-2025/c782/all?formato=json
2016;5002704;Campo Grande;MS;40136;Banana (cacho);30;;30;;480;Toneladas;;16000;Quilogramas por Hectare;;532;;2026-09-18;https://apisidra.ibge.gov.br/values/t/5457/n6/5002704/v/all/p/2015-2025/c782/all?formato=json
2016;5002704;Campo Grande;MS;40104;Batata-doce;10;;10;;150;Toneladas;;15000;Quilogramas por Hectare;;150;;2026-09-18;https://apisidra.ibge.gov.br/values/t/5457/n6/5002704/v/all/p/2015-2025/c782/all?formato=json
2016;5002704;Campo Grande;MS;40106;Cana-de-açúcar;3617;;3617;;207380;Toneladas;;57335;Quilogramas por Hectare;;15139;;2026-09-18;https://apisidra.ibge.gov.br/values/t/5457/n6/5002704/v/all/p/2015-2025/c782/all?formato=json
2016;5002704;Campo Grande;MS;40145;Coco-da-baía*;3;;3;;27;Toneladas;;9000;Quilogramas por Hectare;;34;;2026-09-18;https://apisidra.ibge.gov.br/values/t/5457/n6/5002704/v/all/p/2015-2025/c782/all?formato=json
2016;5002704;Campo Grande;MS;40112;Feijão (em grão);130;;43;;18;Toneladas;;419;Quilogramas por Hectare;;104;;2026-09-18;https://apisidra.ibge.gov.br/values/t/5457/n6/5002704/v/all/p/2015-2025/c782/all?formato=json
2016;5002704;Campo Grande;MS;40114;Girassol (em grão);397;;397;;476;Toneladas;;1199;Quilogramas por Hectare;;619;;2026-09-18;https://apisidra.ibge.gov.br/values/t/5457/n6/5002704/v/all/p/2015-2025/c782/all?formato=json
2016;5002704;Campo Grande;MS;40151;Laranja;20;;20;;240;Toneladas;;12000;Quilogramas por Hectare;;214;;2026-09-18;https://apisidra.ibge.gov.br/values/t/5457/n6/5002704/v/all/p/2015-2025/c782/all?formato=json
2016;5002704;Campo Grande;MS;40152;Limão;10;;10;;150;Toneladas;;15000;Quilogramas por Hectare;;120;;2026-09-18;https://apisidra.ibge.gov.br/values/t/5457/n6/5002704/v/all/p/2015-2025/c782/all?formato=json
2016;5002704;Campo Grande;MS;40261;Mamão;50;;50;;1400;Toneladas;;28000;Quilogramas por Hectare;;2609;;2026-09-18;https://apisidra.ibge.gov.br/values/t/5457/n6/5002704/v/all/p/2015-2025/c782/all?formato=json
2016;5002704;Campo Grande;MS;40119;Mandioca;200;;200;;3000;Toneladas;;15000;Quilogramas por Hectare;;2573;;2026-09-18;https://apisidra.ibge.gov.br/values/t/5457/n6/5002704/v/all/p/2015-2025/c782/all?formato=json
2016;5002704;Campo Grande;MS;40120;Melancia;10;;10;;200;Toneladas;;20000;Quilogramas por Hectare;;160;;2026-09-18;https://apisidra.ibge.gov.br/values/t/5457/n6/5002704/v/all/p/2015-2025/c782/all?formato=json
2016;5002704;Campo Grande;MS;40122;Milho (em grão);30000;;30000;;99000;Toneladas;;3300;Quilogramas por Hectare;;57717;;2026-09-18;https://apisidra.ibge.gov.br/values/t/5457/n6/5002704/v/all/p/2015-2025/c782/all?formato=json
2016;5002704;Campo Grande;MS;40124;Soja (em grão);40640;;40640;;132960;Toneladas;;3272;Quilogramas por Hectare;;146160;;2026-09-18;https://apisidra.ibge.gov.br/values/t/5457/n6/5002704/v/all/p/2015-2025/c782/all?formato=json
2016;5002704;Campo Grande;MS;40271;Tangerina;5;;5;;50;Toneladas;;10000;Quilogramas por Hectare;;42;;2026-09-18;https://apisidra.ibge.gov.br/values/t/5457/n6/5002704/v/all/p/2015-2025/c782/all?formato=json
2016;5002704;Campo Grande;MS;40126;Tomate;9;;9;;360;Toneladas;;40000;Quilogramas por Hectare;;648;;2026-09-18;https://apisidra.ibge.gov.br/values/t/5457/n6/5002704/v/all/p/2015-2025/c782/all?formato=json
2016;5002704;Campo Grande;MS;40127;Trigo (em grão);290;;290;;580;Toneladas;;2000;Quilogramas por Hectare;;414;;2026-09-18;https://apisidra.ibge.gov.br/values/t/5457/n6/5002704/v/all/p/2015-2025/c782/all?formato=json
2016;5002704;Campo Grande;MS;40274;Uva;3;;3;;25;Toneladas;;8333;Quilogramas por Hectare;;200;;2026-09-18;https://apisidra.ibge.gov.br/values/t/5457/n6/5002704/v/all/p/2015-2025/c782/all?formato=json
2017;5002704;Campo Grande;MS;40092;Abacaxi*;26;;26;;728;Toneladas;;28000;Quilogramas por Hectare;;932;;2026-09-18;https://apisidra.ibge.gov.br/values/t/5457/n6/5002704/v/all/p/2015-2025/c782/all?formato=json
2017;5002704;Campo Grande;MS;40099;Algodão herbáceo (em caroço);190;;190;;758;Toneladas;;3989;Quilogramas por Hectare;;1289;;2026-09-18;https://apisidra.ibge.gov.br/values/t/5457/n6/5002704/v/all/p/2015-2025/c782/all?formato=json
2017;5002704;Campo Grande;MS;40103;Aveia (em grão);40;;40;;53;Toneladas;;1325;Quilogramas por Hectare;;21;;2026-09-18;https://apisidra.ibge.gov.br/values/t/5457/n6/5002704/v/all/p/2015-2025/c782/all?formato=json
2017;5002704;Campo Grande;MS;40136;Banana (cacho);30;;30;;480;Toneladas;;16000;Quilogramas por Hectare;;619;;2026-09-18;https://apisidra.ibge.gov.br/values/t/5457/n6/5002704/v/all/p/2015-2025/c782/all?formato=json
2017;5002704;Campo Grande;MS;40106;Cana-de-açúcar;1236;;1236;;53188;Toneladas;;43032;Quilogramas por Hectare;;3723;;2026-09-18;https://apisidra.ibge.gov.br/values/t/5457/n6/5002704/v/all/p/2015-2025/c782/all?formato=json
2017;5002704;Campo Grande;MS;40112;Feijão (em grão);640;;590;;666;Toneladas;;1129;Quilogramas por Hectare;;1339;;2026-09-18;https://apisidra.ibge.gov.br/values/t/5457/n6/5002704/v/all/p/2015-2025/c782/all?formato=json
2017;5002704;Campo Grande;MS;40151;Laranja;20;;20;;240;Toneladas;;12000;Quilogramas por Hectare;;185;;2026-09-18;https://apisidra.ibge.gov.br/values/t/5457/n6/5002704/v/all/p/2015-2025/c782/all?formato=json
2017;5002704;Campo Grande;MS;40152;Limão;9;;9;;90;Toneladas;;10000;Quilogramas por Hectare;;90;;2026-09-18;https://apisidra.ibge.gov.br/values/t/5457/n6/5002704/v/all/p/2015-2025/c782/all?formato=json
2017;5002704;Campo Grande;MS;40261;Mamão;20;;20;;320;Toneladas;;16000;Quilogramas por Hectare;;334;;2026-09-18;https://apisidra.ibge.gov.br/values/t/5457/n6/5002704/v/all/p/2015-2025/c782/all?formato=json
2017;5002704;Campo Grande;MS;40119;Mandioca;250;;250;;3000;Toneladas;;12000;Quilogramas por Hectare;;3540;;2026-09-18;https://apisidra.ibge.gov.br/values/t/5457/n6/5002704/v/all/p/2015-2025/c782/all?formato=json
2017;5002704;Campo Grande;MS;40263;Maracujá;5;;5;;40;Toneladas;;8000;Quilogramas por Hectare;;100;;2026-09-18;https://apisidra.ibge.gov.br/values/t/5457/n6/5002704/v/all/p/2015-2025/c782/all?formato=json
2017;5002704;Campo Grande;MS;40120;Melancia;42;;42;;840;Toneladas;;20000;Quilogramas por Hectare;;618;;2026-09-18;https://apisidra.ibge.gov.br/values/t/5457/n6/5002704/v/all/p/2015-2025/c782/all?formato=json
2017;5002704;Campo Grande;MS;40122;Milho (em grão);30300;;30300;;154260;Toneladas;;5091;Quilogramas por Hectare;;41480;;2026-09-18;https://apisidra.ibge.gov.br/values/t/5457/n6/5002704/v/all/p/2015-2025/c782/all?formato=json
2017;5002704;Campo Grande;MS;40124;Soja (em grão);50436;;50436;;174706;Toneladas;;3464;Quilogramas por Hectare;;152903;;2026-09-18;https://apisidra.ibge.gov.br/values/t/5457/n6/5002704/v/all/p/2015-2025/c782/all?formato=json
2017;5002704;Campo Grande;MS;40125;Sorgo (em grão);920;;920;;2153;Toneladas;;2340;Quilogramas por Hectare;;538;;2026-09-18;https://apisidra.ibge.gov.br/values/t/5457/n6/5002704/v/all/p/2015-2025/c782/all?formato=json
2017;5002704;Campo Grande;MS;40271;Tangerina;8;;8;;80;Toneladas;;10000;Quilogramas por Hectare;;79;;2026-09-18;https://apisidra.ibge.gov.br/values/t/5457/n6/5002704/v/all/p/2015-2025/c782/all?formato=json
2017;5002704;Campo Grande;MS;40126;Tomate;9;;9;;360;Toneladas;;40000;Quilogramas por Hectare;;720;;2026-09-18;https://apisidra.ibge.gov.br/values/t/5457/n6/5002704/v/all/p/2015-2025/c782/all?formato=json
2017;5002704;Campo Grande;MS;40127;Trigo (em grão);250;;250;;540;Toneladas;;2160;Quilogramas por Hectare;;324;;2026-09-18;https://apisidra.ibge.gov.br/values/t/5457/n6/5002704/v/all/p/2015-2025/c782/all?formato=json
2017;5002704;Campo Grande;MS;40274;Uva;3;;3;;21;Toneladas;;7000;Quilogramas por Hectare;;168;;2026-09-18;https://apisidra.ibge.gov.br/values/t/5457/n6/5002704/v/all/p/2015-2025/c782/all?formato=json
2018;5002704;Campo Grande;MS;40092;Abacaxi*;20;;20;;500;Toneladas;;25000;Quilogramas por Hectare;;730;;2026-09-18;https://apisidra.ibge.gov.br/values/t/5457/n6/5002704/v/all/p/2015-2025/c782/all?formato=json
2018;5002704;Campo Grande;MS;40103;Aveia (em grão);300;;300;;270;Toneladas;;900;Quilogramas por Hectare;;162;;2026-09-18;https://apisidra.ibge.gov.br/values/t/5457/n6/5002704/v/all/p/2015-2025/c782/all?formato=json
2018;5002704;Campo Grande;MS;40136;Banana (cacho);30;;30;;600;Toneladas;;20000;Quilogramas por Hectare;;658;;2026-09-18;https://apisidra.ibge.gov.br/values/t/5457/n6/5002704/v/all/p/2015-2025/c782/all?formato=json
2018;5002704;Campo Grande;MS;40104;Batata-doce;20;;20;;300;Toneladas;;15000;Quilogramas por Hectare;;300;;2026-09-18;https://apisidra.ibge.gov.br/values/t/5457/n6/5002704/v/all/p/2015-2025/c782/all?formato=json
2018;5002704;Campo Grande;MS;40137;Borracha (látex coagulado);15;;15;;25;Toneladas;;1667;Quilogramas por Hectare;;56;;2026-09-18;https://apisidra.ibge.gov.br/values/t/5457/n6/5002704/v/all/p/2015-2025/c782/all?formato=json
2018;5002704;Campo Grande;MS;40106;Cana-de-açúcar;720;;720;;27950;Toneladas;;38819;Quilogramas por Hectare;;1957;;2026-09-18;https://apisidra.ibge.gov.br/values/t/5457/n6/5002704/v/all/p/2015-2025/c782/all?formato=json
2018;5002704;Campo Grande;MS;40145;Coco-da-baía*;4;;4;;40;Toneladas;;10000;Quilogramas por Hectare;;41;;2026-09-18;https://apisidra.ibge.gov.br/values/t/5457/n6/5002704/v/all/p/2015-2025/c782/all?formato=json
2018;5002704;Campo Grande;MS;40112;Feijão (em grão);170;;170;;133;Toneladas;;782;Quilogramas por Hectare;;173;;2026-09-18;https://apisidra.ibge.gov.br/values/t/5457/n6/5002704/v/all/p/2015-2025/c782/all?formato=json
2018;5002704;Campo Grande;MS;40114;Girassol (em grão);150;;150;;75;Toneladas;;500;Quilogramas por Hectare;;75;;2026-09-18;https://apisidra.ibge.gov.br/values/t/5457/n6/5002704/v/all/p/2015-2025/c782/all?formato=json
2018;5002704;Campo Grande;MS;40151;Laranja;10;;10;;150;Toneladas;;15000;Quilogramas por Hectare;;120;;2026-09-18;https://apisidra.ibge.gov.br/values/t/5457/n6/5002704/v/all/p/2015-2025/c782/all?formato=json
2018;5002704;Campo Grande;MS;40152;Limão;18;;18;;180;Toneladas;;10000;Quilogramas por Hectare;;184;;2026-09-18;https://apisidra.ibge.gov.br/values/t/5457/n6/5002704/v/all/p/2015-2025/c782/all?formato=json
2018;5002704;Campo Grande;MS;40261;Mamão;24;;24;;1680;Toneladas;;70000;Quilogramas por Hectare;;2184;;2026-09-18;https://apisidra.ibge.gov.br/values/t/5457/n6/5002704/v/all/p/2015-2025/c782/all?formato=json
2018;5002704;Campo Grande;MS;40119;Mandioca;250;;250;;2500;Toneladas;;10000;Quilogramas por Hectare;;2125;;2026-09-18;https://apisidra.ibge.gov.br/values/t/5457/n6/5002704/v/all/p/2015-2025/c782/all?formato=json
2018;5002704;Campo Grande;MS;40263;Maracujá;5;;5;;40;Toneladas;;8000;Quilogramas por Hectare;;94;;2026-09-18;https://apisidra.ibge.gov.br/values/t/5457/n6/5002704/v/all/p/2015-2025/c782/all?formato=json
2018;5002704;Campo Grande;MS;40120;Melancia;30;;30;;450;Toneladas;;15000;Quilogramas por Hectare;;360;;2026-09-18;https://apisidra.ibge.gov.br/values/t/5457/n6/5002704/v/all/p/2015-2025/c782/all?formato=json
2018;5002704;Campo Grande;MS;40122;Milho (em grão);30100;;30100;;90600;Toneladas;;3010;Quilogramas por Hectare;;41676;;2026-09-18;https://apisidra.ibge.gov.br/values/t/5457/n6/5002704/v/all/p/2015-2025/c782/all?formato=json
2018;5002704;Campo Grande;MS;40124;Soja (em grão);63000;;63000;;226800;Toneladas;;3600;Quilogramas por Hectare;;254016;;2026-09-18;https://apisidra.ibge.gov.br/values/t/5457/n6/5002704/v/all/p/2015-2025/c782/all?formato=json
2018;5002704;Campo Grande;MS;40125;Sorgo (em grão);120;;120;;252;Toneladas;;2100;Quilogramas por Hectare;;79;;2026-09-18;https://apisidra.ibge.gov.br/values/t/5457/n6/5002704/v/all/p/2015-2025/c782/all?formato=json
2018;5002704;Campo Grande;MS;40271;Tangerina;15;;15;;150;Toneladas;;10000;Quilogramas por Hectare;;192;;2026-09-18;https://apisidra.ibge.gov.br/values/t/5457/n6/5002704/v/all/p/2015-2025/c782/all?formato=json
2018;5002704;Campo Grande;MS;40126;Tomate;9;;9;;400;Toneladas;;44444;Quilogramas por Hectare;;592;;2026-09-18;https://apisidra.ibge.gov.br/values/t/5457/n6/5002704/v/all/p/2015-2025/c782/all?formato=json
2018;5002704;Campo Grande;MS;40274;Uva;3;;3;;21;Toneladas;;7000;Quilogramas por Hectare;;164;;2026-09-18;https://apisidra.ibge.gov.br/values/t/5457/n6/5002704/v/all/p/2015-2025/c782/all?formato=json
2019;5002704;Campo Grande;MS;40092;Abacaxi*;20;;20;;500;Toneladas;;25000;Quilogramas por Hectare;;700;;2026-09-18;https://apisidra.ibge.gov.br/values/t/5457/n6/5002704/v/all/p/2015-2025/c782/all?formato=json
2019;5002704;Campo Grande;MS;40099;Algodão herbáceo (em caroço);400;;400;;1400;Toneladas;;3500;Quilogramas por Hectare;;3080;;2026-09-18;https://apisidra.ibge.gov.br/values/t/5457/n6/5002704/v/all/p/2015-2025/c782/all?formato=json
2019;5002704;Campo Grande;MS;40103;Aveia (em grão);300;;300;;360;Toneladas;;1200;Quilogramas por Hectare;;216;;2026-09-18;https://apisidra.ibge.gov.br/values/t/5457/n6/5002704/v/all/p/2015-2025/c782/all?formato=json
2019;5002704;Campo Grande;MS;40136;Banana (cacho);30;;30;;480;Toneladas;;16000;Quilogramas por Hectare;;576;;2026-09-18;https://apisidra.ibge.gov.br/values/t/5457/n6/5002704/v/all/p/2015-2025/c782/all?formato=json
2019;5002704;Campo Grande;MS;40104;Batata-doce;6;;6;;25;Toneladas;;4167;Quilogramas por Hectare;;30;;2026-09-18;https://apisidra.ibge.gov.br/values/t/5457/n6/5002704/v/all/p/2015-2025/c782/all?formato=json
2019;5002704;Campo Grande;MS;40137;Borracha (látex coagulado);28;;28;;63;Toneladas;;2250;Quilogramas por Hectare;;140;;2026-09-18;https://apisidra.ibge.gov.br/values/t/5457/n6/5002704/v/all/p/2015-2025/c782/all?formato=json
2019;5002704;Campo Grande;MS;40106;Cana-de-açúcar;3500;;3500;;235200;Toneladas;;67200;Quilogramas por Hectare;;20128;;2026-09-18;https://apisidra.ibge.gov.br/values/t/5457/n6/5002704/v/all/p/2015-2025/c782/all?formato=json
2019;5002704;Campo Grande;MS;40145;Coco-da-baía*;2;;2;;20;Toneladas;;10000;Quilogramas por Hectare;;20;;2026-09-18;https://apisidra.ibge.gov.br/values/t/5457/n6/5002704/v/all/p/2015-2025/c782/all?formato=json
2019;5002704;Campo Grande;MS;40112;Feijão (em grão);100;;100;;25;Toneladas;;250;Quilogramas por Hectare;;55;;2026-09-18;https://apisidra.ibge.gov.br/values/t/5457/n6/5002704/v/all/p/2015-2025/c782/all?formato=json
2019;5002704;Campo Grande;MS;40151;Laranja;14;;14;;42;Toneladas;;3000;Quilogramas por Hectare;;42;;2026-09-18;https://apisidra.ibge.gov.br/values/t/5457/n6/5002704/v/all/p/2015-2025/c782/all?formato=json
2019;5002704;Campo Grande;MS;40152;Limão;12;;12;;192;Toneladas;;16000;Quilogramas por Hectare;;154;;2026-09-18;https://apisidra.ibge.gov.br/values/t/5457/n6/5002704/v/all/p/2015-2025/c782/all?formato=json
2019;5002704;Campo Grande;MS;40261;Mamão;10;;10;;800;Toneladas;;80000;Quilogramas por Hectare;;1192;;2026-09-18;https://apisidra.ibge.gov.br/values/t/5457/n6/5002704/v/all/p/2015-2025/c782/all?formato=json
2019;5002704;Campo Grande;MS;40119;Mandioca;180;;180;;2880;Toneladas;;16000;Quilogramas por Hectare;;2016;;2026-09-18;https://apisidra.ibge.gov.br/values/t/5457/n6/5002704/v/all/p/2015-2025/c782/all?formato=json
2019;5002704;Campo Grande;MS;40263;Maracujá;5;;5;;30;Toneladas;;6000;Quilogramas por Hectare;;93;;2026-09-18;https://apisidra.ibge.gov.br/values/t/5457/n6/5002704/v/all/p/2015-2025/c782/all?formato=json
2019;5002704;Campo Grande;MS;40120;Melancia;20;;20;;300;Toneladas;;15000;Quilogramas por Hectare;;330;;2026-09-18;https://apisidra.ibge.gov.br/values/t/5457/n6/5002704/v/all/p/2015-2025/c782/all?formato=json
2019;5002704;Campo Grande;MS;40122;Milho (em grão);43400;;43400;;209000;Toneladas;;4816;Quilogramas por Hectare;;97603;;2026-09-18;https://apisidra.ibge.gov.br/values/t/5457/n6/5002704/v/all/p/2015-2025/c782/all?formato=json
2019;5002704;Campo Grande;MS;40266;Palmito;1;;1;;1;Toneladas;;1000;Quilogramas por Hectare;;3;;2026-09-18;https://apisidra.ibge.gov.br/values/t/5457/n6/5002704/v/all/p/2015-2025/c782/all?formato=json
2019;5002704;Campo Grande;MS;40124;Soja (em grão);73000;;73000;;219000;Toneladas;;3000;Quilogramas por Hectare;;232140;;2026-09-18;https://apisidra.ibge.gov.br/values/t/5457/n6/5002704/v/all/p/2015-2025/c782/all?formato=json
2019;5002704;Campo Grande;MS;40271;Tangerina;4;;4;;48;Toneladas;;12000;Quilogramas por Hectare;;72;;2026-09-18;https://apisidra.ibge.gov.br/values/t/5457/n6/5002704/v/all/p/2015-2025/c782/all?formato=json
2019;5002704;Campo Grande;MS;40126;Tomate;1;;1;;50;Toneladas;;50000;Quilogramas por Hectare;;50;;2026-09-18;https://apisidra.ibge.gov.br/values/t/5457/n6/5002704/v/all/p/2015-2025/c782/all?formato=json
2019;5002704;Campo Grande;MS;40274;Uva;3;;3;;40;Toneladas;;13333;Quilogramas por Hectare;;225;;2026-09-18;https://apisidra.ibge.gov.br/values/t/5457/n6/5002704/v/all/p/2015-2025/c782/all?formato=json
2020;5002704;Campo Grande;MS;40092;Abacaxi*;30;;30;;765;Toneladas;;25500;Quilogramas por Hectare;;1576;;2026-09-18;https://apisidra.ibge.gov.br/values/t/5457/n6/5002704/v/all/p/2015-2025/c782/all?formato=json
2020;5002704;Campo Grande;MS;40099;Algodão herbáceo (em caroço);510;;510;;1785;Toneladas;;3500;Quilogramas por Hectare;;4016;;2026-09-18;https://apisidra.ibge.gov.br/values/t/5457/n6/5002704/v/all/p/2015-2025/c782/all?formato=json
2020;5002704;Campo Grande;MS;40103;Aveia (em grão);300;;300;;360;Toneladas;;1200;Quilogramas por Hectare;;270;;2026-09-18;https://apisidra.ibge.gov.br/values/t/5457/n6/5002704/v/all/p/2015-2025/c782/all?formato=json
2020;5002704;Campo Grande;MS;40136;Banana (cacho);37;;37;;555;Toneladas;;15000;Quilogramas por Hectare;;860;;2026-09-18;https://apisidra.ibge.gov.br/values/t/5457/n6/5002704/v/all/p/2015-2025/c782/all?formato=json
2020;5002704;Campo Grande;MS;40104;Batata-doce;6;;6;;108;Toneladas;;18000;Quilogramas por Hectare;;158;;2026-09-18;https://apisidra.ibge.gov.br/values/t/5457/n6/5002704/v/all/p/2015-2025/c782/all?formato=json
2020;5002704;Campo Grande;MS;40137;Borracha (látex coagulado);30;;30;;74;Toneladas;;2467;Quilogramas por Hectare;;181;;2026-09-18;https://apisidra.ibge.gov.br/values/t/5457/n6/5002704/v/all/p/2015-2025/c782/all?formato=json
2020;5002704;Campo Grande;MS;40106;Cana-de-açúcar;3500;;3500;;227500;Toneladas;;65000;Quilogramas por Hectare;;23535;;2026-09-18;https://apisidra.ibge.gov.br/values/t/5457/n6/5002704/v/all/p/2015-2025/c782/all?formato=json
2020;5002704;Campo Grande;MS;40145;Coco-da-baía*;3;;3;;30;Toneladas;;10000;Quilogramas por Hectare;;41;;2026-09-18;https://apisidra.ibge.gov.br/values/t/5457/n6/5002704/v/all/p/2015-2025/c782/all?formato=json
2020;5002704;Campo Grande;MS;40112;Feijão (em grão);100;;100;;180;Toneladas;;1800;Quilogramas por Hectare;;630;;2026-09-18;https://apisidra.ibge.gov.br/values/t/5457/n6/5002704/v/all/p/2015-2025/c782/all?formato=json
2020;5002704;Campo Grande;MS;40151;Laranja;14;;14;;219;Toneladas;;15643;Quilogramas por Hectare;;335;;2026-09-18;https://apisidra.ibge.gov.br/values/t/5457/n6/5002704/v/all/p/2015-2025/c782/all?formato=json
2020;5002704;Campo Grande;MS;40152;Limão;18;;18;;285;Toneladas;;15833;Quilogramas por Hectare;;393;;2026-09-18;https://apisidra.ibge.gov.br/values/t/5457/n6/5002704/v/all/p/2015-2025/c782/all?formato=json
2020;5002704;Campo Grande;MS;40261;Mamão;10;;10;;600;Toneladas;;60000;Quilogramas por Hectare;;804;;2026-09-18;https://apisidra.ibge.gov.br/values/t/5457/n6/5002704/v/all/p/2015-2025/c782/all?formato=json
2020;5002704;Campo Grande;MS;40119;Mandioca;290;;290;;7140;Toneladas;;24621;Quilogramas por Hectare;;4831;;2026-09-18;https://apisidra.ibge.gov.br/values/t/5457/n6/5002704/v/all/p/2015-2025/c782/all?formato=json
2020;5002704;Campo Grande;MS;40263;Maracujá;5;;5;;50;Toneladas;;10000;Quilogramas por Hectare;;141;;2026-09-18;https://apisidra.ibge.gov.br/values/t/5457/n6/5002704/v/all/p/2015-2025/c782/all?formato=json
2020;5002704;Campo Grande;MS;40122;Milho (em grão);34200;;34200;;147060;Toneladas;;4300;Quilogramas por Hectare;;85295;;2026-09-18;https://apisidra.ibge.gov.br/values/t/5457/n6/5002704/v/all/p/2015-2025/c782/all?formato=json
2020;5002704;Campo Grande;MS;40266;Palmito;1;;1;;4;Toneladas;;4000;Quilogramas por Hectare;;12;;2026-09-18;https://apisidra.ibge.gov.br/values/t/5457/n6/5002704/v/all/p/2015-2025/c782/all?formato=json
2020;5002704;Campo Grande;MS;40124;Soja (em grão);82000;;82000;;274700;Toneladas;;3350;Quilogramas por Hectare;;334310;;2026-09-18;https://apisidra.ibge.gov.br/values/t/5457/n6/5002704/v/all/p/2015-2025/c782/all?formato=json
2020;5002704;Campo Grande;MS;40271;Tangerina;14;;14;;206;Toneladas;;14714;Quilogramas por Hectare;;368;;2026-09-18;https://apisidra.ibge.gov.br/values/t/5457/n6/5002704/v/all/p/2015-2025/c782/all?formato=json
2020;5002704;Campo Grande;MS;40126;Tomate;2;;2;;120;Toneladas;;60000;Quilogramas por Hectare;;197;;2026-09-18;https://apisidra.ibge.gov.br/values/t/5457/n6/5002704/v/all/p/2015-2025/c782/all?formato=json
2020;5002704;Campo Grande;MS;40274;Uva;3;;3;;39;Toneladas;;13000;Quilogramas por Hectare;;222;;2026-09-18;https://apisidra.ibge.gov.br/values/t/5457/n6/5002704/v/all/p/2015-2025/c782/all?formato=json
2021;5002704;Campo Grande;MS;40092;Abacaxi*;30;;30;;600;Toneladas;;20000;Quilogramas por Hectare;;900;;2026-09-18;https://apisidra.ibge.gov.br/values/t/5457/n6/5002704/v/all/p/2015-2025/c782/all?formato=json
2021;5002704;Campo Grande;MS;40099;Algodão herbáceo (em caroço);613;;613;;1931;Toneladas;;3150;Quilogramas por Hectare;;5181;;2026-09-18;https://apisidra.ibge.gov.br/values/t/5457/n6/5002704/v/all/p/2015-2025/c782/all?formato=json
2021;5002704;Campo Grande;MS;40136;Banana (cacho);49;;49;;833;Toneladas;;17000;Quilogramas por Hectare;;2162;;2026-09-18;https://apisidra.ibge.gov.br/values/t/5457/n6/5002704/v/all/p/2015-2025/c782/all?formato=json
2021;5002704;Campo Grande;MS;40104;Batata-doce;2;;2;;30;Toneladas;;15000;Quilogramas por Hectare;;21;;2026-09-18;https://apisidra.ibge.gov.br/values/t/5457/n6/5002704/v/all/p/2015-2025/c782/all?formato=json
2021;5002704;Campo Grande;MS;40137;Borracha (látex coagulado);30;;30;;72;Toneladas;;2400;Quilogramas por Hectare;;326;;2026-09-18;https://apisidra.ibge.gov.br/values/t/5457/n6/5002704/v/all/p/2015-2025/c782/all?formato=json
2021;5002704;Campo Grande;MS;40106;Cana-de-açúcar;3000;;3000;;199603;Toneladas;;66534;Quilogramas por Hectare;;21595;;2026-09-18;https://apisidra.ibge.gov.br/values/t/5457/n6/5002704/v/all/p/2015-2025/c782/all?formato=json
2021;5002704;Campo Grande;MS;40145;Coco-da-baía*;3;;3;;29;Toneladas;;9667;Quilogramas por Hectare;;44;;2026-09-18;https://apisidra.ibge.gov.br/values/t/5457/n6/5002704/v/all/p/2015-2025/c782/all?formato=json
2021;5002704;Campo Grande;MS;40112;Feijão (em grão);100;;100;;65;Toneladas;;650;Quilogramas por Hectare;;179;;2026-09-18;https://apisidra.ibge.gov.br/values/t/5457/n6/5002704/v/all/p/2015-2025/c782/all?formato=json
2021;5002704;Campo Grande;MS;40151;Laranja;14;;14;;126;Toneladas;;9000;Quilogramas por Hectare;;129;;2026-09-18;https://apisidra.ibge.gov.br/values/t/5457/n6/5002704/v/all/p/2015-2025/c782/all?formato=json
2021;5002704;Campo Grande;MS;40152;Limão;22;;22;;330;Toneladas;;15000;Quilogramas por Hectare;;710;;2026-09-18;https://apisidra.ibge.gov.br/values/t/5457/n6/5002704/v/all/p/2015-2025/c782/all?formato=json
2021;5002704;Campo Grande;MS;40261;Mamão;12;;12;;660;Toneladas;;55000;Quilogramas por Hectare;;660;;2026-09-18;https://apisidra.ibge.gov.br/values/t/5457/n6/5002704/v/all/p/2015-2025/c782/all?formato=json
2021;5002704;Campo Grande;MS;40119;Mandioca;290;;290;;5800;Toneladas;;20000;Quilogramas por Hectare;;5148;;2026-09-18;https://apisidra.ibge.gov.br/values/t/5457/n6/5002704/v/all/p/2015-2025/c782/all?formato=json
2021;5002704;Campo Grande;MS;40263;Maracujá;5;;5;;50;Toneladas;;10000;Quilogramas por Hectare;;200;;2026-09-18;https://apisidra.ibge.gov.br/values/t/5457/n6/5002704/v/all/p/2015-2025/c782/all?formato=json
2021;5002704;Campo Grande;MS;40120;Melancia;27;;27;;780;Toneladas;;28889;Quilogramas por Hectare;;837;;2026-09-18;https://apisidra.ibge.gov.br/values/t/5457/n6/5002704/v/all/p/2015-2025/c782/all?formato=json
2021;5002704;Campo Grande;MS;40122;Milho (em grão);60000;;60000;;126000;Toneladas;;2100;Quilogramas por Hectare;;180795;;2026-09-18;https://apisidra.ibge.gov.br/values/t/5457/n6/5002704/v/all/p/2015-2025/c782/all?formato=json
2021;5002704;Campo Grande;MS;40266;Palmito;1;;1;;2;Toneladas;;2000;Quilogramas por Hectare;;6;;2026-09-18;https://apisidra.ibge.gov.br/values/t/5457/n6/5002704/v/all/p/2015-2025/c782/all?formato=json
2021;5002704;Campo Grande;MS;40124;Soja (em grão);94000;;94000;;394800;Toneladas;;4200;Quilogramas por Hectare;;1009464;;2026-09-18;https://apisidra.ibge.gov.br/values/t/5457/n6/5002704/v/all/p/2015-2025/c782/all?formato=json
2021;5002704;Campo Grande;MS;40125;Sorgo (em grão);3000;;3000;;6300;Toneladas;;2100;Quilogramas por Hectare;;7557;;2026-09-18;https://apisidra.ibge.gov.br/values/t/5457/n6/5002704/v/all/p/2015-2025/c782/all?formato=json
2021;5002704;Campo Grande;MS;40271;Tangerina;16;;16;;236;Toneladas;;14750;Quilogramas por Hectare;;349;;2026-09-18;https://apisidra.ibge.gov.br/values/t/5457/n6/5002704/v/all/p/2015-2025/c782/all?formato=json
2021;5002704;Campo Grande;MS;40126;Tomate;2;;2;;93;Toneladas;;46500;Quilogramas por Hectare;;149;;2026-09-18;https://apisidra.ibge.gov.br/values/t/5457/n6/5002704/v/all/p/2015-2025/c782/all?formato=json
2021;5002704;Campo Grande;MS;40274;Uva;3;;3;;39;Toneladas;;13000;Quilogramas por Hectare;;332;;2026-09-18;https://apisidra.ibge.gov.br/values/t/5457/n6/5002704/v/all/p/2015-2025/c782/all?formato=json
2022;5002704;Campo Grande;MS;40092;Abacaxi*;50;;50;;750;Toneladas;;15000;Quilogramas por Hectare;;3225;;2026-09-18;https://apisidra.ibge.gov.br/values/t/5457/n6/5002704/v/all/p/2015-2025/c782/all?formato=json
2022;5002704;Campo Grande;MS;40099;Algodão herbáceo (em caroço);800;;800;;3360;Toneladas;;4200;Quilogramas por Hectare;;13440;;2026-09-18;https://apisidra.ibge.gov.br/values/t/5457/n6/5002704/v/all/p/2015-2025/c782/all?formato=json
2022;5002704;Campo Grande;MS;40136;Banana (cacho);49;;49;;784;Toneladas;;16000;Quilogramas por Hectare;;3484;;2026-09-18;https://apisidra.ibge.gov.br/values/t/5457/n6/5002704/v/all/p/2015-2025/c782/all?formato=json
2022;5002704;Campo Grande;MS;40104;Batata-doce;2;;2;;30;Toneladas;;15000;Quilogramas por Hectare;;60;;2026-09-18;https://apisidra.ibge.gov.br/values/t/5457/n6/5002704/v/all/p/2015-2025/c782/all?formato=json
2022;5002704;Campo Grande;MS;40137;Borracha (látex coagulado);30;;30;;72;Toneladas;;2400;Quilogramas por Hectare;;341;;2026-09-18;https://apisidra.ibge.gov.br/values/t/5457/n6/5002704/v/all/p/2015-2025/c782/all?formato=json
2022;5002704;Campo Grande;MS;40106;Cana-de-açúcar;1500;;1500;;88736;Toneladas;;59157;Quilogramas por Hectare;;12801;;2026-09-18;https://apisidra.ibge.gov.br/values/t/5457/n6/5002704/v/all/p/2015-2025/c782/all?formato=json
2022;5002704;Campo Grande;MS;40145;Coco-da-baía*;3;;3;;30;Toneladas;;10000;Quilogramas por Hectare;;75;;2026-09-18;https://apisidra.ibge.gov.br/values/t/5457/n6/5002704/v/all/p/2015-2025/c782/all?formato=json
2022;5002704;Campo Grande;MS;40112;Feijão (em grão);25;;25;;18;Toneladas;;720;Quilogramas por Hectare;;49;;2026-09-18;https://apisidra.ibge.gov.br/values/t/5457/n6/5002704/v/all/p/2015-2025/c782/all?formato=json
2022;5002704;Campo Grande;MS;40151;Laranja;11;;11;;220;Toneladas;;20000;Quilogramas por Hectare;;318;;2026-09-18;https://apisidra.ibge.gov.br/values/t/5457/n6/5002704/v/all/p/2015-2025/c782/all?formato=json
2022;5002704;Campo Grande;MS;40152;Limão;22;;22;;309;Toneladas;;14045;Quilogramas por Hectare;;869;;2026-09-18;https://apisidra.ibge.gov.br/values/t/5457/n6/5002704/v/all/p/2015-2025/c782/all?formato=json
2022;5002704;Campo Grande;MS;40261;Mamão;4;;4;;60;Toneladas;;15000;Quilogramas por Hectare;;240;;2026-09-18;https://apisidra.ibge.gov.br/values/t/5457/n6/5002704/v/all/p/2015-2025/c782/all?formato=json
2022;5002704;Campo Grande;MS;40119;Mandioca;394;;394;;7289;Toneladas;;18500;Quilogramas por Hectare;;12755;;2026-09-18;https://apisidra.ibge.gov.br/values/t/5457/n6/5002704/v/all/p/2015-2025/c782/all?formato=json
2022;5002704;Campo Grande;MS;40263;Maracujá;10;;10;;100;Toneladas;;10000;Quilogramas por Hectare;;426;;2026-09-18;https://apisidra.ibge.gov.br/values/t/5457/n6/5002704/v/all/p/2015-2025/c782/all?formato=json
2022;5002704;Campo Grande;MS;40120;Melancia;20;;20;;400;Toneladas;;20000;Quilogramas por Hectare;;600;;2026-09-18;https://apisidra.ibge.gov.br/values/t/5457/n6/5002704/v/all/p/2015-2025/c782/all?formato=json
2022;5002704;Campo Grande;MS;40122;Milho (em grão);60230;;60230;;343140;Toneladas;;5697;Quilogramas por Hectare;;400191;;2026-09-18;https://apisidra.ibge.gov.br/values/t/5457/n6/5002704/v/all/p/2015-2025/c782/all?formato=json
2022;5002704;Campo Grande;MS;40124;Soja (em grão);99130;;99130;;285666;Toneladas;;2882;Quilogramas por Hectare;;879460;;2026-09-18;https://apisidra.ibge.gov.br/values/t/5457/n6/5002704/v/all/p/2015-2025/c782/all?formato=json
2022;5002704;Campo Grande;MS;40125;Sorgo (em grão);3000;;3000;;10800;Toneladas;;3600;Quilogramas por Hectare;;12593;;2026-09-18;https://apisidra.ibge.gov.br/values/t/5457/n6/5002704/v/all/p/2015-2025/c782/all?formato=json
2022;5002704;Campo Grande;MS;40271;Tangerina;17;;17;;196;Toneladas;;11529;Quilogramas por Hectare;;261;;2026-09-18;https://apisidra.ibge.gov.br/values/t/5457/n6/5002704/v/all/p/2015-2025/c782/all?formato=json
2022;5002704;Campo Grande;MS;40126;Tomate;2;;2;;60;Toneladas;;30000;Quilogramas por Hectare;;180;;2026-09-18;https://apisidra.ibge.gov.br/values/t/5457/n6/5002704/v/all/p/2015-2025/c782/all?formato=json
2022;5002704;Campo Grande;MS;40274;Uva;3;;3;;33;Toneladas;;11000;Quilogramas por Hectare;;429;;2026-09-18;https://apisidra.ibge.gov.br/values/t/5457/n6/5002704/v/all/p/2015-2025/c782/all?formato=json
2023;5002704;Campo Grande;MS;40129;Abacate;1;;1;;10;Toneladas;;10000;Quilogramas por Hectare;;70;;2026-09-18;https://apisidra.ibge.gov.br/values/t/5457/n6/5002704/v/all/p/2015-2025/c782/all?formato=json
2023;5002704;Campo Grande;MS;40092;Abacaxi*;60;;60;;1200;Toneladas;;20000;Quilogramas por Hectare;;3840;;2026-09-18;https://apisidra.ibge.gov.br/values/t/5457/n6/5002704/v/all/p/2015-2025/c782/all?formato=json
2023;5002704;Campo Grande;MS;40099;Algodão herbáceo (em caroço);1001;;1001;;4029;Toneladas;;4025;Quilogramas por Hectare;;17325;;2026-09-18;https://apisidra.ibge.gov.br/values/t/5457/n6/5002704/v/all/p/2015-2025/c782/all?formato=json
2023;5002704;Campo Grande;MS;40136;Banana (cacho);49;;49;;784;Toneladas;;16000;Quilogramas por Hectare;;2587;;2026-09-18;https://apisidra.ibge.gov.br/values/t/5457/n6/5002704/v/all/p/2015-2025/c782/all?formato=json
2023;5002704;Campo Grande;MS;40104;Batata-doce;2;;2;;30;Toneladas;;15000;Quilogramas por Hectare;;67;;2026-09-18;https://apisidra.ibge.gov.br/values/t/5457/n6/5002704/v/all/p/2015-2025/c782/all?formato=json
2023;5002704;Campo Grande;MS;40137;Borracha (látex coagulado);35;;35;;100;Toneladas;;2857;Quilogramas por Hectare;;253;;2026-09-18;https://apisidra.ibge.gov.br/values/t/5457/n6/5002704/v/all/p/2015-2025/c782/all?formato=json
2023;5002704;Campo Grande;MS;40106;Cana-de-açúcar;1800;;1800;;146643;Toneladas;;81468;Quilogramas por Hectare;;17827;;2026-09-18;https://apisidra.ibge.gov.br/values/t/5457/n6/5002704/v/all/p/2015-2025/c782/all?formato=json
2023;5002704;Campo Grande;MS;40145;Coco-da-baía*;3;;3;;18;Toneladas;;6000;Quilogramas por Hectare;;45;;2026-09-18;https://apisidra.ibge.gov.br/values/t/5457/n6/5002704/v/all/p/2015-2025/c782/all?formato=json
2023;5002704;Campo Grande;MS;40114;Girassol (em grão);390;;390;;1123;Toneladas;;2879;Quilogramas por Hectare;;2302;;2026-09-18;https://apisidra.ibge.gov.br/values/t/5457/n6/5002704/v/all/p/2015-2025/c782/all?formato=json
2023;5002704;Campo Grande;MS;40149;Goiaba;2;;2;;8;Toneladas;;4000;Quilogramas por Hectare;;48;;2026-09-18;https://apisidra.ibge.gov.br/values/t/5457/n6/5002704/v/all/p/2015-2025/c782/all?formato=json
2023;5002704;Campo Grande;MS;40151;Laranja;14;;14;;155;Toneladas;;11071;Quilogramas por Hectare;;248;;2026-09-18;https://apisidra.ibge.gov.br/values/t/5457/n6/5002704/v/all/p/2015-2025/c782/all?formato=json
2023;5002704;Campo Grande;MS;40152;Limão;27;;27;;296;Toneladas;;10963;Quilogramas por Hectare;;441;;2026-09-18;https://apisidra.ibge.gov.br/values/t/5457/n6/5002704/v/all/p/2015-2025/c782/all?formato=json
2023;5002704;Campo Grande;MS;40261;Mamão;4;;4;;140;Toneladas;;35000;Quilogramas por Hectare;;598;;2026-09-18;https://apisidra.ibge.gov.br/values/t/5457/n6/5002704/v/all/p/2015-2025/c782/all?formato=json
2023;5002704;Campo Grande;MS;40119;Mandioca;394;;394;;8055;Toneladas;;20444;Quilogramas por Hectare;;13905;;2026-09-18;https://apisidra.ibge.gov.br/values/t/5457/n6/5002704/v/all/p/2015-2025/c782/all?formato=json
2023;5002704;Campo Grande;MS;40262;Manga;1;;1;;7;Toneladas;;7000;Quilogramas por Hectare;;28;;2026-09-18;https://apisidra.ibge.gov.br/values/t/5457/n6/5002704/v/all/p/2015-2025/c782/all?formato=json
2023;5002704;Campo Grande;MS;40263;Maracujá;2;;2;;20;Toneladas;;10000;Quilogramas por Hectare;;100;;2026-09-18;https://apisidra.ibge.gov.br/values/t/5457/n6/5002704/v/all/p/2015-2025/c782/all?formato=json
2023;5002704;Campo Grande;MS;40120;Melancia;5;;5;;100;Toneladas;;20000;Quilogramas por Hectare;;220;;2026-09-18;https://apisidra.ibge.gov.br/values/t/5457/n6/5002704/v/all/p/2015-2025/c782/all?formato=json
2023;5002704;Campo Grande;MS;40122;Milho (em grão);50380;;50380;;232596;Toneladas;;4617;Quilogramas por Hectare;;154869;;2026-09-18;https://apisidra.ibge.gov.br/values/t/5457/n6/5002704/v/all/p/2015-2025/c782/all?formato=json
2023;5002704;Campo Grande;MS;40124;Soja (em grão);110130;;110130;;383346;Toneladas;;3481;Quilogramas por Hectare;;856123;;2026-09-18;https://apisidra.ibge.gov.br/values/t/5457/n6/5002704/v/all/p/2015-2025/c782/all?formato=json
2023;5002704;Campo Grande;MS;40125;Sorgo (em grão);4500;;4500;;15120;Toneladas;;3360;Quilogramas por Hectare;;7046;;2026-09-18;https://apisidra.ibge.gov.br/values/t/5457/n6/5002704/v/all/p/2015-2025/c782/all?formato=json
2023;5002704;Campo Grande;MS;40271;Tangerina;22;;22;;211;Toneladas;;9591;Quilogramas por Hectare;;422;;2026-09-18;https://apisidra.ibge.gov.br/values/t/5457/n6/5002704/v/all/p/2015-2025/c782/all?formato=json
2023;5002704;Campo Grande;MS;40126;Tomate;2;;2;;40;Toneladas;;20000;Quilogramas por Hectare;;150;;2026-09-18;https://apisidra.ibge.gov.br/values/t/5457/n6/5002704/v/all/p/2015-2025/c782/all?formato=json
2023;5002704;Campo Grande;MS;40274;Uva;3;;3;;42;Toneladas;;14000;Quilogramas por Hectare;;525;;2026-09-18;https://apisidra.ibge.gov.br/values/t/5457/n6/5002704/v/all/p/2015-2025/c782/all?formato=json
2024;5002704;Campo Grande;MS;40129;Abacate;1;;1;;5;Toneladas;;5000;Quilogramas por Hectare;;25;;2026-09-18;https://apisidra.ibge.gov.br/values/t/5457/n6/5002704/v/all/p/2015-2025/c782/all?formato=json
2024;5002704;Campo Grande;MS;40092;Abacaxi*;65;;65;;1300;Toneladas;;20000;Quilogramas por Hectare;;4940;;2026-09-18;https://apisidra.ibge.gov.br/values/t/5457/n6/5002704/v/all/p/2015-2025/c782/all?formato=json
2024;5002704;Campo Grande;MS;40099;Algodão herbáceo (em caroço);1930;;1930;;7937;Toneladas;;4112;Quilogramas por Hectare;;31748;;2026-09-18;https://apisidra.ibge.gov.br/values/t/5457/n6/5002704/v/all/p/2015-2025/c782/all?formato=json
2024;5002704;Campo Grande;MS;40136;Banana (cacho);49;;49;;490;Toneladas;;10000;Quilogramas por Hectare;;1666;;2026-09-18;https://apisidra.ibge.gov.br/values/t/5457/n6/5002704/v/all/p/2015-2025/c782/all?formato=json
2024;5002704;Campo Grande;MS;40104;Batata-doce;2;;2;;30;Toneladas;;15000;Quilogramas por Hectare;;66;;2026-09-18;https://apisidra.ibge.gov.br/values/t/5457/n6/5002704/v/all/p/2015-2025/c782/all?formato=json
2024;5002704;Campo Grande;MS;40137;Borracha (látex coagulado);35;;35;;100;Toneladas;;2857;Quilogramas por Hectare;;298;;2026-09-18;https://apisidra.ibge.gov.br/values/t/5457/n6/5002704/v/all/p/2015-2025/c782/all?formato=json
2024;5002704;Campo Grande;MS;40106;Cana-de-açúcar;1753;;1753;;149623;Toneladas;;85353;Quilogramas por Hectare;;22478;;2026-09-18;https://apisidra.ibge.gov.br/values/t/5457/n6/5002704/v/all/p/2015-2025/c782/all?formato=json
2024;5002704;Campo Grande;MS;40145;Coco-da-baía*;3;;3;;18;Toneladas;;6000;Quilogramas por Hectare;;31;;2026-09-18;https://apisidra.ibge.gov.br/values/t/5457/n6/5002704/v/all/p/2015-2025/c782/all?formato=json
2024;5002704;Campo Grande;MS;40112;Feijão (em grão);260;;150;;300;Toneladas;;2000;Quilogramas por Hectare;;750;;2026-09-18;https://apisidra.ibge.gov.br/values/t/5457/n6/5002704/v/all/p/2015-2025/c782/all?formato=json
2024;5002704;Campo Grande;MS;40114;Girassol (em grão);210;;210;;25;Toneladas;;119;Quilogramas por Hectare;;44;;2026-09-18;https://apisidra.ibge.gov.br/values/t/5457/n6/5002704/v/all/p/2015-2025/c782/all?formato=json
2024;5002704;Campo Grande;MS;40149;Goiaba;4;;4;;16;Toneladas;;4000;Quilogramas por Hectare;;80;;2026-09-18;https://apisidra.ibge.gov.br/values/t/5457/n6/5002704/v/all/p/2015-2025/c782/all?formato=json
2024;5002704;Campo Grande;MS;40151;Laranja;14;;;-;;Toneladas;-;;Quilogramas por Hectare;-;;-;2026-09-18;https://apisidra.ibge.gov.br/values/t/5457/n6/5002704/v/all/p/2015-2025/c782/all?formato=json
2024;5002704;Campo Grande;MS;40152;Limão;27;;27;;300;Toneladas;;11111;Quilogramas por Hectare;;684;;2026-09-18;https://apisidra.ibge.gov.br/values/t/5457/n6/5002704/v/all/p/2015-2025/c782/all?formato=json
2024;5002704;Campo Grande;MS;40261;Mamão;4;;4;;140;Toneladas;;35000;Quilogramas por Hectare;;560;;2026-09-18;https://apisidra.ibge.gov.br/values/t/5457/n6/5002704/v/all/p/2015-2025/c782/all?formato=json
2024;5002704;Campo Grande;MS;40119;Mandioca;394;;394;;8235;Toneladas;;20901;Quilogramas por Hectare;;11607;;2026-09-18;https://apisidra.ibge.gov.br/values/t/5457/n6/5002704/v/all/p/2015-2025/c782/all?formato=json
2024;5002704;Campo Grande;MS;40262;Manga;1;;1;;7;Toneladas;;7000;Quilogramas por Hectare;;21;;2026-09-18;https://apisidra.ibge.gov.br/values/t/5457/n6/5002704/v/all/p/2015-2025/c782/all?formato=json
2024;5002704;Campo Grande;MS;40263;Maracujá;7;;7;;80;Toneladas;;11429;Quilogramas por Hectare;;640;;2026-09-18;https://apisidra.ibge.gov.br/values/t/5457/n6/5002704/v/all/p/2015-2025/c782/all?formato=json
2024;5002704;Campo Grande;MS;40122;Milho (em grão);39539;;39539;;167654;Toneladas;;4240;Quilogramas por Hectare;;134123;;2026-09-18;https://apisidra.ibge.gov.br/values/t/5457/n6/5002704/v/all/p/2015-2025/c782/all?formato=json
2024;5002704;Campo Grande;MS;40124;Soja (em grão);127634;;127634;;461834;Toneladas;;3618;Quilogramas por Hectare;;802801;;2026-09-18;https://apisidra.ibge.gov.br/values/t/5457/n6/5002704/v/all/p/2015-2025/c782/all?formato=json
2024;5002704;Campo Grande;MS;40271;Tangerina;22;;22;;182;Toneladas;;8273;Quilogramas por Hectare;;382;;2026-09-18;https://apisidra.ibge.gov.br/values/t/5457/n6/5002704/v/all/p/2015-2025/c782/all?formato=json
2024;5002704;Campo Grande;MS;40126;Tomate;2;;2;;60;Toneladas;;30000;Quilogramas por Hectare;;180;;2026-09-18;https://apisidra.ibge.gov.br/values/t/5457/n6/5002704/v/all/p/2015-2025/c782/all?formato=json
2024;5002704;Campo Grande;MS;40274;Uva;3;;3;;42;Toneladas;;14000;Quilogramas por Hectare;;840;;2026-09-18;https://apisidra.ibge.gov.br/values/t/5457/n6/5002704/v/all/p/2015-2025/c782/all?formato=json
2025;5002704;Campo Grande;MS;40129;Abacate;1;;1;;5;Toneladas;;5000;Quilogramas por Hectare;;22;;2026-09-18;https://apisidra.ibge.gov.br/values/t/5457/n6/5002704/v/all/p/2015-2025/c782/all?formato=json
2025;5002704;Campo Grande;MS;40092;Abacaxi*;65;;65;;1300;Toneladas;;20000;Quilogramas por Hectare;;6500;;2026-09-18;https://apisidra.ibge.gov.br/values/t/5457/n6/5002704/v/all/p/2015-2025/c782/all?formato=json
2025;5002704;Campo Grande;MS;40099;Algodão herbáceo (em caroço);2130;;2130;;6848;Toneladas;;3215;Quilogramas por Hectare;;25214;;2026-09-18;https://apisidra.ibge.gov.br/values/t/5457/n6/5002704/v/all/p/2015-2025/c782/all?formato=json
2025;5002704;Campo Grande;MS;40101;Amendoim (em casca);750;;750;;4200;Toneladas;;5600;Quilogramas por Hectare;;12390;;2026-09-18;https://apisidra.ibge.gov.br/values/t/5457/n6/5002704/v/all/p/2015-2025/c782/all?formato=json
2025;5002704;Campo Grande;MS;40136;Banana (cacho);49;;49;;490;Toneladas;;10000;Quilogramas por Hectare;;1691;;2026-09-18;https://apisidra.ibge.gov.br/values/t/5457/n6/5002704/v/all/p/2015-2025/c782/all?formato=json
2025;5002704;Campo Grande;MS;40137;Borracha (látex coagulado);35;;35;;100;Toneladas;;2857;Quilogramas por Hectare;;600;;2026-09-18;https://apisidra.ibge.gov.br/values/t/5457/n6/5002704/v/all/p/2015-2025/c782/all?formato=json
2025;5002704;Campo Grande;MS;40106;Cana-de-açúcar;3222;;3222;;254797;Toneladas;;79080;Quilogramas por Hectare;;36991;;2026-09-18;https://apisidra.ibge.gov.br/values/t/5457/n6/5002704/v/all/p/2015-2025/c782/all?formato=json
2025;5002704;Campo Grande;MS;40145;Coco-da-baía*;3;;3;;18;Toneladas;;6000;Quilogramas por Hectare;;36;;2026-09-18;https://apisidra.ibge.gov.br/values/t/5457/n6/5002704/v/all/p/2015-2025/c782/all?formato=json
2025;5002704;Campo Grande;MS;40149;Goiaba;4;;4;;16;Toneladas;;4000;Quilogramas por Hectare;;83;;2026-09-18;https://apisidra.ibge.gov.br/values/t/5457/n6/5002704/v/all/p/2015-2025/c782/all?formato=json
2025;5002704;Campo Grande;MS;40151;Laranja;11;;11;;84;Toneladas;;7636;Quilogramas por Hectare;;147;;2026-09-18;https://apisidra.ibge.gov.br/values/t/5457/n6/5002704/v/all/p/2015-2025/c782/all?formato=json
2025;5002704;Campo Grande;MS;40152;Limão;27;;27;;301;Toneladas;;11148;Quilogramas por Hectare;;709;;2026-09-18;https://apisidra.ibge.gov.br/values/t/5457/n6/5002704/v/all/p/2015-2025/c782/all?formato=json
2025;5002704;Campo Grande;MS;40261;Mamão;4;;4;;140;Toneladas;;35000;Quilogramas por Hectare;;574;;2026-09-18;https://apisidra.ibge.gov.br/values/t/5457/n6/5002704/v/all/p/2015-2025/c782/all?formato=json
2025;5002704;Campo Grande;MS;40119;Mandioca;150;;150;;1790;Toneladas;;11933;Quilogramas por Hectare;;3272;;2026-09-18;https://apisidra.ibge.gov.br/values/t/5457/n6/5002704/v/all/p/2015-2025/c782/all?formato=json
2025;5002704;Campo Grande;MS;40262;Manga;1;;1;;7;Toneladas;;7000;Quilogramas por Hectare;;28;;2026-09-18;https://apisidra.ibge.gov.br/values/t/5457/n6/5002704/v/all/p/2015-2025/c782/all?formato=json
2025;5002704;Campo Grande;MS;40263;Maracujá;5;;5;;21;Toneladas;;4200;Quilogramas por Hectare;;116;;2026-09-18;https://apisidra.ibge.gov.br/values/t/5457/n6/5002704/v/all/p/2015-2025/c782/all?formato=json
2025;5002704;Campo Grande;MS;40122;Milho (em grão);34677;;34677;;198454;Toneladas;;5723;Quilogramas por Hectare;;167674;;2026-09-18;https://apisidra.ibge.gov.br/values/t/5457/n6/5002704/v/all/p/2015-2025/c782/all?formato=json
2025;5002704;Campo Grande;MS;83396;Morango;1;;1;;2;Toneladas;;2000;Quilogramas por Hectare;;51;;2026-09-18;https://apisidra.ibge.gov.br/values/t/5457/n6/5002704/v/all/p/2015-2025/c782/all?formato=json
2025;5002704;Campo Grande;MS;40124;Soja (em grão);136230;;136230;;401184;Toneladas;;2945;Quilogramas por Hectare;;760444;;2026-09-18;https://apisidra.ibge.gov.br/values/t/5457/n6/5002704/v/all/p/2015-2025/c782/all?formato=json
2025;5002704;Campo Grande;MS;40125;Sorgo (em grão);3500;;3500;;11550;Toneladas;;3300;Quilogramas por Hectare;;7970;;2026-09-18;https://apisidra.ibge.gov.br/values/t/5457/n6/5002704/v/all/p/2015-2025/c782/all?formato=json
2025;5002704;Campo Grande;MS;40126;Tomate;6;;6;;180;Toneladas;;30000;Quilogramas por Hectare;;783;;2026-09-18;https://apisidra.ibge.gov.br/values/t/5457/n6/5002704/v/all/p/2015-2025/c782/all?formato=json
2025;5002704;Campo Grande;MS;40274;Uva;3;;3;;54;Toneladas;;18000;Quilogramas por Hectare;;1080;;2026-09-18;https://apisidra.ibge.gov.br/values/t/5457/n6/5002704/v/all/p/2015-2025/c782/all?formato=json
