ano;municipio_ibge;municipio;uf;especie_codigo_sidra;especie;cabecas;marcador_ibge;data_extracao;fonte_url
2015;5002704;Campo Grande;MS;2670;Bovino;555994;;2026-09-18;https://apisidra.ibge.gov.br/values/t/3939/n6/5002704/v/all/p/2015-2024/c79/all?formato=json
2015;5002704;Campo Grande;MS;2675;Bubalino;118;;2026-09-18;https://apisidra.ibge.gov.br/values/t/3939/n6/5002704/v/all/p/2015-2024/c79/all?formato=json
2015;5002704;Campo Grande;MS;2681;Caprino;1890;;2026-09-18;https://apisidra.ibge.gov.br/values/t/3939/n6/5002704/v/all/p/2015-2024/c79/all?formato=json
2015;5002704;Campo Grande;MS;2680;Codornas;1695;;2026-09-18;https://apisidra.ibge.gov.br/values/t/3939/n6/5002704/v/all/p/2015-2024/c79/all?formato=json
2015;5002704;Campo Grande;MS;2672;Equino;9715;;2026-09-18;https://apisidra.ibge.gov.br/values/t/3939/n6/5002704/v/all/p/2015-2024/c79/all?formato=json
2015;5002704;Campo Grande;MS;32793;Galináceos - galinhas;44254;;2026-09-18;https://apisidra.ibge.gov.br/values/t/3939/n6/5002704/v/all/p/2015-2024/c79/all?formato=json
2015;5002704;Campo Grande;MS;32796;Galináceos - total;589720;;2026-09-18;https://apisidra.ibge.gov.br/values/t/3939/n6/5002704/v/all/p/2015-2024/c79/all?formato=json
2015;5002704;Campo Grande;MS;2677;Ovino;16012;;2026-09-18;https://apisidra.ibge.gov.br/values/t/3939/n6/5002704/v/all/p/2015-2024/c79/all?formato=json
2015;5002704;Campo Grande;MS;32795;Suíno - matrizes de suínos;5287;;2026-09-18;https://apisidra.ibge.gov.br/values/t/3939/n6/5002704/v/all/p/2015-2024/c79/all?formato=json
2015;5002704;Campo Grande;MS;32794;Suíno - total;67987;;2026-09-18;https://apisidra.ibge.gov.br/values/t/3939/n6/5002704/v/all/p/2015-2024/c79/all?formato=json
2016;5002704;Campo Grande;MS;2670;Bovino;551800;;2026-09-18;https://apisidra.ibge.gov.br/values/t/3939/n6/5002704/v/all/p/2015-2024/c79/all?formato=json
2016;5002704;Campo Grande;MS;2675;Bubalino;92;;2026-09-18;https://apisidra.ibge.gov.br/values/t/3939/n6/5002704/v/all/p/2015-2024/c79/all?formato=json
2016;5002704;Campo Grande;MS;2681;Caprino;1470;;2026-09-18;https://apisidra.ibge.gov.br/values/t/3939/n6/5002704/v/all/p/2015-2024/c79/all?formato=json
2016;5002704;Campo Grande;MS;2680;Codornas;1685;;2026-09-18;https://apisidra.ibge.gov.br/values/t/3939/n6/5002704/v/all/p/2015-2024/c79/all?formato=json
2016;5002704;Campo Grande;MS;2672;Equino;12540;;2026-09-18;https://apisidra.ibge.gov.br/values/t/3939/n6/5002704/v/all/p/2015-2024/c79/all?formato=json
2016;5002704;Campo Grande;MS;32793;Galináceos - galinhas;41870;;2026-09-18;https://apisidra.ibge.gov.br/values/t/3939/n6/5002704/v/all/p/2015-2024/c79/all?formato=json
2016;5002704;Campo Grande;MS;32796;Galináceos - total;290967;;2026-09-18;https://apisidra.ibge.gov.br/values/t/3939/n6/5002704/v/all/p/2015-2024/c79/all?formato=json
2016;5002704;Campo Grande;MS;2677;Ovino;15826;;2026-09-18;https://apisidra.ibge.gov.br/values/t/3939/n6/5002704/v/all/p/2015-2024/c79/all?formato=json
2016;5002704;Campo Grande;MS;32795;Suíno - matrizes de suínos;4616;;2026-09-18;https://apisidra.ibge.gov.br/values/t/3939/n6/5002704/v/all/p/2015-2024/c79/all?formato=json
2016;5002704;Campo Grande;MS;32794;Suíno - total;56404;;2026-09-18;https://apisidra.ibge.gov.br/values/t/3939/n6/5002704/v/all/p/2015-2024/c79/all?formato=json
2017;5002704;Campo Grande;MS;2670;Bovino;548279;;2026-09-18;https://apisidra.ibge.gov.br/values/t/3939/n6/5002704/v/all/p/2015-2024/c79/all?formato=json
2017;5002704;Campo Grande;MS;2675;Bubalino;132;;2026-09-18;https://apisidra.ibge.gov.br/values/t/3939/n6/5002704/v/all/p/2015-2024/c79/all?formato=json
2017;5002704;Campo Grande;MS;2681;Caprino;1250;;2026-09-18;https://apisidra.ibge.gov.br/values/t/3939/n6/5002704/v/all/p/2015-2024/c79/all?formato=json
2017;5002704;Campo Grande;MS;2680;Codornas;1500;;2026-09-18;https://apisidra.ibge.gov.br/values/t/3939/n6/5002704/v/all/p/2015-2024/c79/all?formato=json
2017;5002704;Campo Grande;MS;2672;Equino;8000;;2026-09-18;https://apisidra.ibge.gov.br/values/t/3939/n6/5002704/v/all/p/2015-2024/c79/all?formato=json
2017;5002704;Campo Grande;MS;32793;Galináceos - galinhas;38064;;2026-09-18;https://apisidra.ibge.gov.br/values/t/3939/n6/5002704/v/all/p/2015-2024/c79/all?formato=json
2017;5002704;Campo Grande;MS;32796;Galináceos - total;335604;;2026-09-18;https://apisidra.ibge.gov.br/values/t/3939/n6/5002704/v/all/p/2015-2024/c79/all?formato=json
2017;5002704;Campo Grande;MS;2677;Ovino;15165;;2026-09-18;https://apisidra.ibge.gov.br/values/t/3939/n6/5002704/v/all/p/2015-2024/c79/all?formato=json
2017;5002704;Campo Grande;MS;32795;Suíno - matrizes de suínos;4650;;2026-09-18;https://apisidra.ibge.gov.br/values/t/3939/n6/5002704/v/all/p/2015-2024/c79/all?formato=json
2017;5002704;Campo Grande;MS;32794;Suíno - total;57587;;2026-09-18;https://apisidra.ibge.gov.br/values/t/3939/n6/5002704/v/all/p/2015-2024/c79/all?formato=json
2018;5002704;Campo Grande;MS;2670;Bovino;530300;;2026-09-18;https://apisidra.ibge.gov.br/values/t/3939/n6/5002704/v/all/p/2015-2024/c79/all?formato=json
2018;5002704;Campo Grande;MS;2675;Bubalino;70;;2026-09-18;https://apisidra.ibge.gov.br/values/t/3939/n6/5002704/v/all/p/2015-2024/c79/all?formato=json
2018;5002704;Campo Grande;MS;2681;Caprino;494;;2026-09-18;https://apisidra.ibge.gov.br/values/t/3939/n6/5002704/v/all/p/2015-2024/c79/all?formato=json
2018;5002704;Campo Grande;MS;2680;Codornas;1460;;2026-09-18;https://apisidra.ibge.gov.br/values/t/3939/n6/5002704/v/all/p/2015-2024/c79/all?formato=json
2018;5002704;Campo Grande;MS;2672;Equino;10000;;2026-09-18;https://apisidra.ibge.gov.br/values/t/3939/n6/5002704/v/all/p/2015-2024/c79/all?formato=json
2018;5002704;Campo Grande;MS;32793;Galináceos - galinhas;38281;;2026-09-18;https://apisidra.ibge.gov.br/values/t/3939/n6/5002704/v/all/p/2015-2024/c79/all?formato=json
2018;5002704;Campo Grande;MS;32796;Galináceos - total;380240;;2026-09-18;https://apisidra.ibge.gov.br/values/t/3939/n6/5002704/v/all/p/2015-2024/c79/all?formato=json
2018;5002704;Campo Grande;MS;2677;Ovino;14850;;2026-09-18;https://apisidra.ibge.gov.br/values/t/3939/n6/5002704/v/all/p/2015-2024/c79/all?formato=json
2018;5002704;Campo Grande;MS;32795;Suíno - matrizes de suínos;4850;;2026-09-18;https://apisidra.ibge.gov.br/values/t/3939/n6/5002704/v/all/p/2015-2024/c79/all?formato=json
2018;5002704;Campo Grande;MS;32794;Suíno - total;58398;;2026-09-18;https://apisidra.ibge.gov.br/values/t/3939/n6/5002704/v/all/p/2015-2024/c79/all?formato=json
2019;5002704;Campo Grande;MS;2670;Bovino;501175;;2026-09-18;https://apisidra.ibge.gov.br/values/t/3939/n6/5002704/v/all/p/2015-2024/c79/all?formato=json
2019;5002704;Campo Grande;MS;2675;Bubalino;274;;2026-09-18;https://apisidra.ibge.gov.br/values/t/3939/n6/5002704/v/all/p/2015-2024/c79/all?formato=json
2019;5002704;Campo Grande;MS;2681;Caprino;765;;2026-09-18;https://apisidra.ibge.gov.br/values/t/3939/n6/5002704/v/all/p/2015-2024/c79/all?formato=json
2019;5002704;Campo Grande;MS;2680;Codornas;;-;2026-09-18;https://apisidra.ibge.gov.br/values/t/3939/n6/5002704/v/all/p/2015-2024/c79/all?formato=json
2019;5002704;Campo Grande;MS;2672;Equino;14129;;2026-09-18;https://apisidra.ibge.gov.br/values/t/3939/n6/5002704/v/all/p/2015-2024/c79/all?formato=json
2019;5002704;Campo Grande;MS;32793;Galináceos - galinhas;38820;;2026-09-18;https://apisidra.ibge.gov.br/values/t/3939/n6/5002704/v/all/p/2015-2024/c79/all?formato=json
2019;5002704;Campo Grande;MS;32796;Galináceos - total;387416;;2026-09-18;https://apisidra.ibge.gov.br/values/t/3939/n6/5002704/v/all/p/2015-2024/c79/all?formato=json
2019;5002704;Campo Grande;MS;2677;Ovino;14896;;2026-09-18;https://apisidra.ibge.gov.br/values/t/3939/n6/5002704/v/all/p/2015-2024/c79/all?formato=json
2019;5002704;Campo Grande;MS;32795;Suíno - matrizes de suínos;6500;;2026-09-18;https://apisidra.ibge.gov.br/values/t/3939/n6/5002704/v/all/p/2015-2024/c79/all?formato=json
2019;5002704;Campo Grande;MS;32794;Suíno - total;45373;;2026-09-18;https://apisidra.ibge.gov.br/values/t/3939/n6/5002704/v/all/p/2015-2024/c79/all?formato=json
2020;5002704;Campo Grande;MS;2670;Bovino;488430;;2026-09-18;https://apisidra.ibge.gov.br/values/t/3939/n6/5002704/v/all/p/2015-2024/c79/all?formato=json
2020;5002704;Campo Grande;MS;2675;Bubalino;218;;2026-09-18;https://apisidra.ibge.gov.br/values/t/3939/n6/5002704/v/all/p/2015-2024/c79/all?formato=json
2020;5002704;Campo Grande;MS;2681;Caprino;771;;2026-09-18;https://apisidra.ibge.gov.br/values/t/3939/n6/5002704/v/all/p/2015-2024/c79/all?formato=json
2020;5002704;Campo Grande;MS;2680;Codornas;;-;2026-09-18;https://apisidra.ibge.gov.br/values/t/3939/n6/5002704/v/all/p/2015-2024/c79/all?formato=json
2020;5002704;Campo Grande;MS;2672;Equino;16228;;2026-09-18;https://apisidra.ibge.gov.br/values/t/3939/n6/5002704/v/all/p/2015-2024/c79/all?formato=json
2020;5002704;Campo Grande;MS;32793;Galináceos - galinhas;36536;;2026-09-18;https://apisidra.ibge.gov.br/values/t/3939/n6/5002704/v/all/p/2015-2024/c79/all?formato=json
2020;5002704;Campo Grande;MS;32796;Galináceos - total;357026;;2026-09-18;https://apisidra.ibge.gov.br/values/t/3939/n6/5002704/v/all/p/2015-2024/c79/all?formato=json
2020;5002704;Campo Grande;MS;2677;Ovino;14477;;2026-09-18;https://apisidra.ibge.gov.br/values/t/3939/n6/5002704/v/all/p/2015-2024/c79/all?formato=json
2020;5002704;Campo Grande;MS;32795;Suíno - matrizes de suínos;7735;;2026-09-18;https://apisidra.ibge.gov.br/values/t/3939/n6/5002704/v/all/p/2015-2024/c79/all?formato=json
2020;5002704;Campo Grande;MS;32794;Suíno - total;53540;;2026-09-18;https://apisidra.ibge.gov.br/values/t/3939/n6/5002704/v/all/p/2015-2024/c79/all?formato=json
2021;5002704;Campo Grande;MS;2670;Bovino;448435;;2026-09-18;https://apisidra.ibge.gov.br/values/t/3939/n6/5002704/v/all/p/2015-2024/c79/all?formato=json
2021;5002704;Campo Grande;MS;2675;Bubalino;108;;2026-09-18;https://apisidra.ibge.gov.br/values/t/3939/n6/5002704/v/all/p/2015-2024/c79/all?formato=json
2021;5002704;Campo Grande;MS;2681;Caprino;780;;2026-09-18;https://apisidra.ibge.gov.br/values/t/3939/n6/5002704/v/all/p/2015-2024/c79/all?formato=json
2021;5002704;Campo Grande;MS;2680;Codornas;;-;2026-09-18;https://apisidra.ibge.gov.br/values/t/3939/n6/5002704/v/all/p/2015-2024/c79/all?formato=json
2021;5002704;Campo Grande;MS;2672;Equino;16157;;2026-09-18;https://apisidra.ibge.gov.br/values/t/3939/n6/5002704/v/all/p/2015-2024/c79/all?formato=json
2021;5002704;Campo Grande;MS;32793;Galináceos - galinhas;37907;;2026-09-18;https://apisidra.ibge.gov.br/values/t/3939/n6/5002704/v/all/p/2015-2024/c79/all?formato=json
2021;5002704;Campo Grande;MS;32796;Galináceos - total;375269;;2026-09-18;https://apisidra.ibge.gov.br/values/t/3939/n6/5002704/v/all/p/2015-2024/c79/all?formato=json
2021;5002704;Campo Grande;MS;2677;Ovino;13287;;2026-09-18;https://apisidra.ibge.gov.br/values/t/3939/n6/5002704/v/all/p/2015-2024/c79/all?formato=json
2021;5002704;Campo Grande;MS;32795;Suíno - matrizes de suínos;9205;;2026-09-18;https://apisidra.ibge.gov.br/values/t/3939/n6/5002704/v/all/p/2015-2024/c79/all?formato=json
2021;5002704;Campo Grande;MS;32794;Suíno - total;63713;;2026-09-18;https://apisidra.ibge.gov.br/values/t/3939/n6/5002704/v/all/p/2015-2024/c79/all?formato=json
2022;5002704;Campo Grande;MS;2670;Bovino;415630;;2026-09-18;https://apisidra.ibge.gov.br/values/t/3939/n6/5002704/v/all/p/2015-2024/c79/all?formato=json
2022;5002704;Campo Grande;MS;2675;Bubalino;100;;2026-09-18;https://apisidra.ibge.gov.br/values/t/3939/n6/5002704/v/all/p/2015-2024/c79/all?formato=json
2022;5002704;Campo Grande;MS;2681;Caprino;699;;2026-09-18;https://apisidra.ibge.gov.br/values/t/3939/n6/5002704/v/all/p/2015-2024/c79/all?formato=json
2022;5002704;Campo Grande;MS;2680;Codornas;;-;2026-09-18;https://apisidra.ibge.gov.br/values/t/3939/n6/5002704/v/all/p/2015-2024/c79/all?formato=json
2022;5002704;Campo Grande;MS;2672;Equino;16188;;2026-09-18;https://apisidra.ibge.gov.br/values/t/3939/n6/5002704/v/all/p/2015-2024/c79/all?formato=json
2022;5002704;Campo Grande;MS;32793;Galináceos - galinhas;30705;;2026-09-18;https://apisidra.ibge.gov.br/values/t/3939/n6/5002704/v/all/p/2015-2024/c79/all?formato=json
2022;5002704;Campo Grande;MS;32796;Galináceos - total;303968;;2026-09-18;https://apisidra.ibge.gov.br/values/t/3939/n6/5002704/v/all/p/2015-2024/c79/all?formato=json
2022;5002704;Campo Grande;MS;2677;Ovino;12591;;2026-09-18;https://apisidra.ibge.gov.br/values/t/3939/n6/5002704/v/all/p/2015-2024/c79/all?formato=json
2022;5002704;Campo Grande;MS;32795;Suíno - matrizes de suínos;12067;;2026-09-18;https://apisidra.ibge.gov.br/values/t/3939/n6/5002704/v/all/p/2015-2024/c79/all?formato=json
2022;5002704;Campo Grande;MS;32794;Suíno - total;58490;;2026-09-18;https://apisidra.ibge.gov.br/values/t/3939/n6/5002704/v/all/p/2015-2024/c79/all?formato=json
2023;5002704;Campo Grande;MS;2670;Bovino;428639;;2026-09-18;https://apisidra.ibge.gov.br/values/t/3939/n6/5002704/v/all/p/2015-2024/c79/all?formato=json
2023;5002704;Campo Grande;MS;2675;Bubalino;103;;2026-09-18;https://apisidra.ibge.gov.br/values/t/3939/n6/5002704/v/all/p/2015-2024/c79/all?formato=json
2023;5002704;Campo Grande;MS;2681;Caprino;566;;2026-09-18;https://apisidra.ibge.gov.br/values/t/3939/n6/5002704/v/all/p/2015-2024/c79/all?formato=json
2023;5002704;Campo Grande;MS;2680;Codornas;;-;2026-09-18;https://apisidra.ibge.gov.br/values/t/3939/n6/5002704/v/all/p/2015-2024/c79/all?formato=json
2023;5002704;Campo Grande;MS;2672;Equino;13235;;2026-09-18;https://apisidra.ibge.gov.br/values/t/3939/n6/5002704/v/all/p/2015-2024/c79/all?formato=json
2023;5002704;Campo Grande;MS;32793;Galináceos - galinhas;29170;;2026-09-18;https://apisidra.ibge.gov.br/values/t/3939/n6/5002704/v/all/p/2015-2024/c79/all?formato=json
2023;5002704;Campo Grande;MS;32796;Galináceos - total;288769;;2026-09-18;https://apisidra.ibge.gov.br/values/t/3939/n6/5002704/v/all/p/2015-2024/c79/all?formato=json
2023;5002704;Campo Grande;MS;2677;Ovino;10199;;2026-09-18;https://apisidra.ibge.gov.br/values/t/3939/n6/5002704/v/all/p/2015-2024/c79/all?formato=json
2023;5002704;Campo Grande;MS;32795;Suíno - matrizes de suínos;11255;;2026-09-18;https://apisidra.ibge.gov.br/values/t/3939/n6/5002704/v/all/p/2015-2024/c79/all?formato=json
2023;5002704;Campo Grande;MS;32794;Suíno - total;48445;;2026-09-18;https://apisidra.ibge.gov.br/values/t/3939/n6/5002704/v/all/p/2015-2024/c79/all?formato=json
2024;5002704;Campo Grande;MS;2670;Bovino;427468;;2026-09-18;https://apisidra.ibge.gov.br/values/t/3939/n6/5002704/v/all/p/2015-2024/c79/all?formato=json
2024;5002704;Campo Grande;MS;2675;Bubalino;102;;2026-09-18;https://apisidra.ibge.gov.br/values/t/3939/n6/5002704/v/all/p/2015-2024/c79/all?formato=json
2024;5002704;Campo Grande;MS;2681;Caprino;459;;2026-09-18;https://apisidra.ibge.gov.br/values/t/3939/n6/5002704/v/all/p/2015-2024/c79/all?formato=json
2024;5002704;Campo Grande;MS;2680;Codornas;;-;2026-09-18;https://apisidra.ibge.gov.br/values/t/3939/n6/5002704/v/all/p/2015-2024/c79/all?formato=json
2024;5002704;Campo Grande;MS;2672;Equino;12471;;2026-09-18;https://apisidra.ibge.gov.br/values/t/3939/n6/5002704/v/all/p/2015-2024/c79/all?formato=json
2024;5002704;Campo Grande;MS;32793;Galináceos - galinhas;193521;;2026-09-18;https://apisidra.ibge.gov.br/values/t/3939/n6/5002704/v/all/p/2015-2024/c79/all?formato=json
2024;5002704;Campo Grande;MS;32796;Galináceos - total;306855;;2026-09-18;https://apisidra.ibge.gov.br/values/t/3939/n6/5002704/v/all/p/2015-2024/c79/all?formato=json
2024;5002704;Campo Grande;MS;2677;Ovino;8261;;2026-09-18;https://apisidra.ibge.gov.br/values/t/3939/n6/5002704/v/all/p/2015-2024/c79/all?formato=json
2024;5002704;Campo Grande;MS;32795;Suíno - matrizes de suínos;14735;;2026-09-18;https://apisidra.ibge.gov.br/values/t/3939/n6/5002704/v/all/p/2015-2024/c79/all?formato=json
2024;5002704;Campo Grande;MS;32794;Suíno - total;62979;;2026-09-18;https://apisidra.ibge.gov.br/values/t/3939/n6/5002704/v/all/p/2015-2024/c79/all?formato=json
